日期,正常购电成本,紧急购电成本,紧急购电量,弃电量,日总成本,日初SOC,日终SOC,实际再调度电量
2025-02-01,53160.82730940872,0.0,0.0,44727.26466727242,53160.82730940872,5869.347961086666,8205.319902844818,34159.60894800041
2025-02-02,42252.421998328144,41894.84118543309,7069.8644256333355,113.49782803333346,84147.26318376124,8205.319902844818,1200.0,11695.883576999999
2025-02-03,54414.092665410884,1940.7072066739436,287.760490703332,2294.820641308651,56354.799872084826,1200.0,1347.5412383888888,5124.462805845315
2025-02-04,60102.664187518225,0.0,0.0,7133.545316327982,60102.664187518225,1347.5412383888888,2479.0025601922216,8514.519976027985
2025-02-05,63377.60464070071,0.0,0.0,11885.530690022631,63377.60464070071,2479.0025601922216,3060.0559249881503,12420.3557434893
2025-02-06,65484.16524903251,0.0,0.0,15188.453799073666,65484.16524903251,3060.0559249881503,3409.1089526081482,17105.83433123992
2025-02-07,66027.85515785147,0.0,0.0,59529.36991001728,66027.85515785147,3409.1089526081482,10073.60131120778,39228.87755258435
2025-02-08,48073.343150284905,0.0,0.0,43077.097559944435,48073.343150284905,10073.60131120778,8077.124199649997,33277.47469532427
2025-02-09,39926.90482212711,66183.83983570208,11395.580225436996,0.0,106110.74465782919,8077.124199649997,1200.0,17111.935719136334
2025-02-10,53380.52558239493,306.0339145894218,101.32722681100033,7097.683377015224,53686.55949698435,1200.0,1200.0,8381.082191468005
2025-02-11,57726.69438167468,0.0,0.0,10298.957629781486,57726.69438167468,1200.0,2391.743622957039,10546.40137144815
2025-02-12,60090.94842115631,0.0,0.0,13297.387797915642,60090.94842115631,2391.743622957039,3020.3763373488887,14353.185786148973
2025-02-13,61960.78766009858,0.0,0.0,19676.34482069547,61960.78766009858,3020.3763373488887,3547.7260818481454,21084.33987918107
2025-02-14,61098.228455173434,0.0,0.0,54809.018038920156,61098.228455173434,3547.7260818481454,10356.763102306671,38008.47747900412
2025-02-15,44479.21692705876,0.0,0.0,40779.19383103847,44479.21692705876,10356.763102306671,7825.378560752223,30777.089329757808
2025-02-16,37399.06516827629,61899.58575330989,10759.009135764332,0.0,99298.65092158617,7825.378560752223,1212.7890869999999,15141.721791197666
2025-02-17,50255.332387847695,583.0222007115339,83.9899376333334,6141.16641489136,50838.35458855923,1212.7890869999999,1225.7361507540747,7453.815832249795
2025-02-18,54801.87995549947,0.0,0.0,9484.4264757037,54801.87995549947,1225.7361507540747,2722.539752227775,11600.240121800405
2025-02-19,57144.37090759646,0.0,0.0,12548.494969472013,57144.37090759646,2722.539752227775,2653.728340097412,11642.64229365515
2025-02-20,59762.00705954066,0.0,0.0,16716.09849599917,59762.00705954066,2653.728340097412,3794.6514727540753,18431.556754710284
2025-02-21,59555.584733211326,0.0,0.0,57333.07650899916,59555.584733211326,3794.6514727540753,10380.737062403332,36820.65071291152
2025-02-22,42452.2581711768,0.0,0.0,39157.73194643826,42452.2581711768,10380.737062403332,8052.944359274816,29469.58135495268
2025-02-23,35804.23647822089,52528.095253850086,9100.903142331663,0.0,88332.33173207098,8052.944359274816,1220.9845500000001,13432.301569751664
2025-02-24,48177.48975103134,1197.653683414237,199.610715425335,6346.4763289358,49375.14343444558,1220.9845500000001,1309.9553813103714,8102.678530427802
2025-02-25,52650.3708008523,0.0,0.0,13401.233512942794,52650.3708008523,1309.9553813103714,2455.2724752166687,13880.08814260946
2025-02-26,54245.35703018034,0.0,0.0,12177.240444021816,54245.35703018034,2455.2724752166687,3101.8041825203723,14538.048120288486
2025-02-27,56292.608292485456,0.0,0.0,16246.572107210282,56292.608292485456,3101.8041825203723,3768.025607961115,16073.399618956792
2025-02-28,56683.8304649769,0.0,0.0,55556.31886922427,56683.8304649769,3768.025607961115,10244.020093922223,36506.153738518515
2025-03-01,40238.40130513513,0.0,0.0,40057.744572653915,40238.40130513513,10244.020093922223,8014.907033888148,29365.321494847733
2025-03-02,33616.11571696671,79587.18275295894,12929.561632179655,0.0,113203.29846992565,8014.907033888148,1200.0,20753.77478228567
2025-03-03,47136.79978646107,5038.739540836617,819.5197865250642,874.1673740185189,52175.539327297694,1200.0,1313.0647010211114,4330.375517541583
2025-03-04,53289.92064114176,0.0,0.0,10472.057507835798,53289.92064114176,1313.0647010211114,2427.8433486770336,11754.028650235796
2025-03-05,55698.0656062744,0.0,0.0,17145.905497055544,55698.0656062744,2427.8433486770336,3060.690549512965,18873.976818055547
2025-03-06,56629.17934414118,0.0,0.0,18134.990596962547,56629.17934414118,3060.690549512965,3706.940779664819,21158.44854069588
2025-03-07,56442.3368010145,0.0,0.0,57654.4615010432,56442.3368010145,3706.940779664819,10457.334470205558,37411.61101616954
2025-03-08,39509.85689425109,0.0,0.0,43610.55466996378,39509.85689425109,10457.334470205558,8204.284936614813,29784.20786476831
2025-03-09,31750.249666015814,43228.989415036405,7445.5575381633325,409.72077269999977,74979.23908105222,8204.284936614813,1200.0,11222.348443644662
2025-03-10,43314.93678658591,5966.316036454671,986.2555252583336,60.60797216666674,49281.25282304058,1200.0,1264.3560737999999,5834.880494935
2025-03-11,49481.607395455925,0.0,0.0,10648.502687527574,49481.607395455925,1264.3560737999999,2779.7556963970383,13179.137519660915
2025-03-12,51632.52853502688,0.0,0.0,15857.510046730868,51632.52853502688,2779.7556963970383,2852.993736097776,17197.948039497533
2025-03-13,53203.47987087452,0.0,0.0,11794.916857261313,53203.47987087452,2852.993736097776,3432.2803858022226,15343.117426661316
2025-03-14,54963.142296916965,0.0,0.0,60193.76155327366,54963.142296916965,3432.2803858022226,10669.982687312218,36244.577094653905
2025-03-15,37164.04380129553,0.0,0.0,38997.75634530658,37164.04380129553,10669.982687312218,7752.144202333332,28354.27396221564
2025-03-16,31339.79914865758,50031.35499897695,8327.167833713822,576.8540990481454,81371.15414763453,7752.144202333332,1200.0,13620.33860801404
2025-03-17,42879.57707276092,259.9288860532465,49.76141508466558,9124.929281224278,43139.50595881417,1200.0,1590.1809758144452,9844.65987703509
2025-03-18,46208.647701853435,0.0,0.0,8795.816551937563,46208.647701853435,1590.1809758144452,2629.7166441844456,7908.151986404231
2025-03-19,49045.631276709886,0.0,0.0,14495.530923028797,49045.631276709886,2629.7166441844456,3185.9382584570394,14042.228968995467
2025-03-20,50639.193318913436,0.0,0.0,13902.626727302475,50639.193318913436,3185.9382584570394,3482.7082725222194,17076.99074846914
2025-03-21,51881.22547149965,0.0,0.0,60313.88563530905,51881.22547149965,3482.7082725222194,10120.797309960373,34837.602135008245
2025-03-22,34716.15785640477,0.0,0.0,39558.85179909959,34716.15785640477,10120.797309960373,8134.526983831852,29215.129998727978
2025-03-23,28581.361914491812,45566.61566272653,7661.073920856674,0.0,74147.97757721835,8134.526983831852,1210.460376,12839.880282290007
2025-03-24,39780.042760587356,367.81337025559384,56.61401298999806,4256.727945583958,40147.85613084295,1210.460376,1250.714723736667,5358.725102540625
2025-03-25,44473.144880924774,0.0,0.0,6734.61619702263,44473.144880924774,1250.714723736667,2254.3932327425914,7310.109823522631
2025-03-26,47990.20415483391,0.0,0.0,17132.070984619335,47990.20415483391,2254.3932327425914,3059.9603922837027,17858.65623001934
2025-03-27,48769.802641098664,0.0,0.0,14890.150724398343,48769.802641098664,3059.9603922837027,3534.4371684644443,16170.345562365012
2025-03-28,49746.49590158285,0.0,0.0,58359.832021123424,49746.49590158285,3534.4371684644443,10462.290048978151,35231.144901666696
2025-03-29,33165.87796725151,0.0,0.0,45708.264380351015,33165.87796725151,10462.290048978151,8039.349414077036,27751.117563389704
2025-03-30,26257.69738378899,51540.04510205112,8573.798475433323,15.048917833333121,77797.7424858401,8039.349414077036,1200.0,13258.577573433333
2025-03-31,37125.65811285459,3823.1313175502164,568.5606561623304,1585.4932839119274,40948.7894304048,1200.0,1509.7673488644443,7913.839365707592
2025-04-01,42215.34202337104,0.0,0.0,4625.7792001028865,42215.34202337104,1509.7673488644443,2339.6646247618514,8602.979933279017
2025-04-02,46093.20885092621,0.0,0.0,9621.627887620165,46093.20885092621,2339.6646247618514,3012.1575228077777,7441.560281986833
2025-04-03,49076.69359161648,0.0,0.0,18730.631763498764,49076.69359161648,3012.1575228077777,3516.13747856074,18753.960083432095
2025-04-04,49143.17378190504,0.0,0.0,62350.25897812431,49143.17378190504,3516.13747856074,10456.660160318519,35293.851415629586
2025-04-05,31662.31710785044,0.0,0.0,39573.9783388148,31662.31710785044,10456.660160318519,7899.927404850373,27371.294694241973
2025-04-06,26408.198063500942,44519.04457400908,7231.619096216673,29.89334176666648,70927.24263751002,7899.927404850373,1219.169274,11516.14159455001
2025-04-07,36950.99189931597,0.0,0.0,4827.9358082456865,36950.99189931597,1219.169274,1503.9317380122225,8601.741124970378
2025-04-08,40967.56328193704,0.0,0.0,8927.49553850287,40967.56328193704,1503.9317380122225,2252.243950451114,6189.755495346082
2025-04-09,44119.010060063134,0.0,0.0,8094.40618706378,44119.010060063134,2252.243950451114,2980.279780235183,10967.403228563777
2025-04-10,47277.4679321295,0.0,0.0,17298.52326065225,47277.4679321295,2980.279780235183,3710.654269544445,16594.565915318915
2025-04-11,47650.73125607046,0.0,0.0,61473.63375456965,47650.73125607046,3710.654269544445,10337.533996124075,34943.876387331584
2025-04-12,30774.330317426706,0.0,0.0,40731.96706269424,30774.330317426706,10337.533996124075,8136.857138494444,26561.282420472417
2025-04-13,25033.051851858832,54712.11055828963,8940.662939589663,0.0,79745.16241014846,8136.857138494444,1237.242522,13423.248951683661
2025-04-14,35971.086059025765,399.75741163734307,57.30467483333473,4118.913495734566,36370.84347066311,1237.242522,1386.6834385185189,4451.809076234567
2025-04-15,40237.468922536194,0.0,0.0,12327.455670206591,40237.468922536194,1386.6834385185189,2450.2694905877784,14824.769890665033
2025-04-16,42267.68052781451,0.0,0.0,9323.937130272025,42267.68052781451,2450.2694905877784,2960.405200349631,9924.568771945273
2025-04-17,45247.11877092432,0.0,0.0,16226.837642220577,45247.11877092432,2960.405200349631,3733.835691346666,17846.704634953905
2025-04-18,45778.126659125206,0.0,0.0,57809.1119872133,45778.126659125206,3733.835691346666,10684.013194536295,33736.125916682984
2025-04-19,29898.462636076423,0.0,0.0,42030.65974234979,29898.462636076423,10684.013194536295,8005.89192406111,23763.994045738273
2025-04-20,24184.818896754325,48153.76172281462,8072.254429681993,0.0,72338.58061956894,8005.89192406111,1200.0,11999.615065181992
2025-04-21,34773.25657757725,684.5777284328965,184.9935399783342,6901.469488352683,35457.83430601015,1200.0,1280.7449213714815,5803.977947774349
2025-04-22,38605.212925098946,0.0,0.0,7734.019132416468,38605.212925098946,1280.7449213714815,2355.3976338696334,10541.598287064206
2025-04-23,41580.459504599414,0.0,0.0,12976.906862537864,41580.459504599414,2355.3976338696334,3208.2055532348163,15902.362129670782
2025-04-24,43336.81986635999,0.0,0.0,20014.46247779219,43336.81986635999,3208.2055532348163,3683.497229005558,18654.848847792186
2025-04-25,42937.78337031724,0.0,0.0,58914.40801720988,42937.78337031724,3683.497229005558,10247.880088639262,32092.602061869544
2025-04-26,27703.821277045696,0.0,0.0,44960.14365869712,27703.821277045696,10247.880088639262,7929.571653919258,24176.536117627988
2025-04-27,22806.08535842335,45304.86885336767,8080.8680077416675,348.8980333333325,68110.95421179102,7929.571653919258,1200.0,14098.918886091671
2025-04-28,32571.950635963705,35823.864633935635,5330.236936409,84.20485126666699,68395.81526989934,1200.0,1415.522684467037,13397.842121022333
2025-04-29,38894.48788273445,0.0,0.0,13227.331573611114,38894.48788273445,1415.522684467037,2540.7247660592625,15711.34007210494
2025-04-30,40630.86017971835,0.0,0.0,15043.297085432514,40630.86017971835,2540.7247660592625,2852.1433606192604,14461.57802256585
2025-05-01,42052.130688923695,100.52555520000023,14.410200000000032,15791.149395939097,42152.6562441237,2852.1433606192604,1555.7548943462984,13426.1543791391
2025-05-02,44798.17966313109,0.0,0.0,47976.17260130287,44798.17966313109,1555.7548943462984,9439.678940238151,32024.34368291687
2025-05-03,31907.617440278773,0.0,0.0,42215.12404089733,31907.617440278773,9439.678940238151,7267.220921314444,23514.257809018305
2025-05-04,26520.781647622254,35336.72779213095,5890.201118045001,0.0,61857.50943975321,7267.220921314444,1225.12305,10548.915500581672
2025-05-05,36418.59297178825,1679.5124629113568,240.75580030266008,1091.329478133335,38098.10543469961,1225.12305,1352.0533405770375,6210.597765335991
2025-05-06,41440.24910761299,0.0,0.0,10536.651651248561,41440.24910761299,1352.0533405770375,2162.5383305962955,6408.407901623461
2025-05-07,44157.76809891539,0.0,0.0,12056.912513514406,44157.76809891539,2162.5383305962955,2899.8655396670374,12704.970510214409
2025-05-08,46709.52837483939,0.0,0.0,14634.969472194236,46709.52837483939,2899.8655396670374,3513.21267238815,17325.104261894237
2025-05-09,47803.071239968296,0.0,0.0,57762.38961002468,47803.071239968296,3513.21267238815,10800.0,34125.512846225916
2025-05-10,31974.772797419173,0.0,0.0,39537.58454854567,31974.772797419173,10800.0,7599.510303698888,22905.699661806175
2025-05-11,27220.24364753283,48414.37746749862,7622.131876524005,7.625761533333389,75634.62111503145,7599.510303698888,1200.0,13489.378586463332
2025-05-12,37864.16145284801,454.70591672023033,76.05987112300325,7369.606350862556,38318.867369568245,1200.0,1639.6586856755555,13133.787663224222
2025-05-13,41387.421634881786,0.0,0.0,10468.148050220996,41387.421634881786,1639.6586856755555,2442.9767427977786,8569.858071720997
2025-05-14,43920.485479133975,0.0,0.0,14462.948764150206,43920.485479133975,2442.9767427977786,3009.8247153648176,14004.126574650207
2025-05-15,45714.69735405316,0.0,0.0,16715.423103253095,45714.69735405316,3009.8247153648176,3881.8015497737047,17684.62903160741
2025-05-16,46161.795093226625,0.0,0.0,62519.73965724732,46161.795093226625,3881.8015497737047,10150.823550217776,32088.43162109136
2025-05-17,30133.718390587153,0.0,0.0,37732.75921409835,30133.718390587153,10150.823550217776,7573.497711648887,22371.19454251523
2025-05-18,25670.946867967243,51059.84185439374,8529.301092760676,0.0,76730.78872236097,7573.497711648887,1204.074783,12342.171192009344
2025-05-19,36054.872172732285,840.8061289999982,123.23591666666641,9033.573658255144,36895.67830173228,1204.074783,1528.5019038685184,7357.3622246358045
2025-05-20,39299.71447525847,0.0,0.0,6047.882530448156,39299.71447525847,1528.5019038685184,2192.643295160744,10253.456125186016
2025-05-21,43051.21889945064,0.0,0.0,14921.617578368723,43051.21889945064,2192.643295160744,3029.8643630077777,13799.261966835391
2025-05-22,44786.429905418525,0.0,0.0,16996.923318904115,44786.429905418525,3029.8643630077777,4165.563256394445,18413.306271770783
2025-05-23,44874.08263627474,0.0,0.0,56789.47509117481,44874.08263627474,4165.563256394445,10498.996536701485,32171.356695035887
2025-05-24,30418.762952234763,0.0,0.0,45149.36614955966,30418.762952234763,10498.996536701485,7534.993510362961,20802.588112745667
2025-05-25,24590.647890655586,34652.743384507216,6055.446994903995,0.0,59243.3912751628,7534.993510362961,1253.4838445925927,10631.432434229995
2025-05-26,34413.8431990379,12221.216318647424,1786.045631424989,352.21363657489496,46635.059517685324,1253.4838445925927,1464.268317402223,7794.418114299884
2025-05-27,39872.99786554118,0.0,0.0,12314.273575597119,39872.99786554118,1464.268317402223,2116.8805608437037,10681.64513109712
2025-05-28,42084.64284238398,0.0,0.0,11923.219181707413,42084.64284238398,2116.8805608437037,3137.772534308519,10631.114602940748
2025-05-29,44208.88095860035,0.0,0.0,13256.341015209877,44208.88095860035,3137.772534308519,3803.606085005558,13610.12824820988
2025-05-30,45879.94691216029,0.0,0.0,57813.365996872846,45879.94691216029,3803.606085005558,10477.890792164073,31927.846868440334
2025-05-31,30797.850573009262,0.0,0.0,41225.295752378195,30797.850573009262,10477.890792164073,7614.99737188963,22949.460573990535
2025-06-01,25599.776743793656,132784.67953328555,24690.68682285833,0.0,158384.4562770792,7614.99737188963,1200.0,22839.45681239433
2025-06-02,40964.15055279641,36168.468129800145,5956.307706158339,1332.4733231,77132.61868259656,1200.0,1213.955592,12904.048970158337
2025-06-03,49055.21718828974,935.2228314810862,138.72771833333377,6388.147261987655,49990.440019770824,1213.955592,1641.29267807222,5797.759681154317
2025-06-04,54015.009761315225,0.0,0.0,11104.82652370906,54015.009761315225,1641.29267807222,2526.6642067718535,14527.543638900008
2025-06-05,57292.273294562816,0.0,0.0,13805.584901352673,57292.273294562816,2526.6642067718535,3255.7554576911116,15391.146570852678
2025-06-06,59141.7109969867,0.0,0.0,51145.936692430456,59141.7109969867,3255.7554576911116,10456.456240736297,37728.56472526543
2025-06-07,44798.77832608875,0.0,0.0,39316.8471456251,44798.77832608875,10456.456240736297,7824.600095749261,29871.246595405348
2025-06-08,39434.07598760925,15110.963657703669,2670.725196500001,4442.706955242802,54545.03964531292,7824.600095749261,1205.9194949999999,10831.526109909471
2025-06-09,48866.77970554247,3964.0336704819874,571.2121266743317,4164.505602594248,52830.81337602445,1205.9194949999999,1551.3903280329635,6801.925582901913
2025-06-10,54264.014021855415,0.0,0.0,9376.979826401652,54264.014021855415,1551.3903280329635,2421.967155475189,10574.499343601654
2025-06-11,57606.14595201636,0.0,0.0,8711.039756363374,57606.14595201636,2421.967155475189,3249.92689545963,8995.340696463376
2025-06-12,61373.61136046723,0.0,0.0,17516.49434610329,61373.61136046723,3249.92689545963,4051.366021448888,20322.020004036618
2025-06-13,61985.75783388852,0.0,0.0,57519.8746696358,61985.75783388852,4051.366021448888,10555.331213079631,37615.26024793827
2025-06-14,45859.354127893224,0.0,0.0,45690.535696926745,45859.354127893224,10555.331213079631,7625.726155722222,29274.327002787653
2025-06-15,38578.925514152856,35126.151097882044,5795.770622583663,348.04417816666705,73705.0766120349,7625.726155722222,1206.947169,9390.922020564332
2025-06-16,49772.783040558905,875.5621449988981,129.85596173333306,2744.928722736625,50648.3451855578,1206.947169,1799.777106390001,4110.027376368722
2025-06-17,55261.18788808359,118.62253164499884,17.588549999999827,8289.118735874892,55379.81041972859,1799.777106390001,2060.2951548500023,11139.606379212759
2025-06-18,59470.668067277344,0.0,0.0,16950.052137074075,59470.668067277344,2060.2951548500023,3358.1769860092613,19406.22160407408
2025-06-19,60544.44842499711,0.0,0.0,21167.63951171605,60544.44842499711,3358.1769860092613,3858.604019318148,21593.38133048272
2025-06-20,60241.02505755814,0.0,0.0,61309.622651735386,60241.02505755814,3858.604019318148,10527.60055862074,37029.33848472181
2025-06-21,42785.221477805724,0.0,0.0,48077.664489705625,42785.221477805724,10527.60055862074,8119.214822256295,29089.21733614828
2025-06-22,35015.63682808057,45771.02166519525,7156.617628143661,0.0,80786.65849327581,8119.214822256295,1212.958713,13002.912422876989
2025-06-23,46483.2100918607,2408.8954027327068,375.95817255166526,4688.725853392995,48892.10549459341,1212.958713,1399.9211143999994,5603.688010524741
2025-06-24,51839.14392890192,5249.50272495887,1099.792673287001,1971.263999581892,57088.646653860786,1399.9211143999994,2309.5044562192606,5688.7423738533225
2025-06-25,57633.195940124766,0.0,0.0,14891.65896457572,57633.195940124766,2309.5044562192606,3233.321212692221,15870.591331542386
2025-06-26,59547.88340460324,0.0,0.0,20748.06446571193,59547.88340460324,3233.321212692221,3564.8947998892604,20139.93500657654
2025-06-27,59662.33905324383,0.0,0.0,62571.058191169956,59662.33905324383,3564.8947998892604,10730.303596145926,38172.54451713169
2025-06-28,41717.427804226754,0.0,0.0,44256.75975565842,41717.427804226754,10730.303596145926,8009.681800233337,28550.435759128402
2025-06-29,35108.130587617605,54104.08360318125,8669.384899449662,0.0,89212.21419079886,8009.681800233337,1221.869574,15927.245319998996
2025-06-30,47180.23493542419,1068.820572729469,157.593722566667,2709.4034797366185,48249.05550815366,1221.869574,1297.622598955927,5740.177243794646
2025-07-01,53026.96334358865,12011.203973905336,2586.1943955149945,3929.839245281069,65038.167317493986,1297.622598955927,1200.0,7908.137293487842
2025-07-02,59645.55670167752,1372.0253417206527,212.80929652299767,17197.284302490953,61017.58204339817,1200.0,1256.53066599,19027.00871017947
2025-07-03,62147.18265180384,0.0,0.0,11579.683548088478,62147.18265180384,1256.53066599,2566.7677723703705,13131.3710911749
2025-07-04,64716.266886423975,0.0,0.0,61046.64832733909,64716.266886423975,2566.7677723703705,9677.13312678482,36870.64707060988
2025-07-05,47989.70342751864,0.0,0.0,45274.548805685816,47989.70342751864,9677.13312678482,7785.079053268517,30104.159301114178
2025-07-06,41108.51192290268,73491.63142443125,11541.311315537354,27.280856100000165,114600.14334733394,7785.079053268517,1200.0,19024.552707538023
2025-07-07,54122.359018429066,347.5138560868497,51.56683039999996,8586.156431636635,54469.87287451592,1200.0,1454.6208555055575,10033.00664976997
2025-07-08,58170.06010130849,0.0,0.0,10576.075686432094,58170.06010130849,1454.6208555055575,2535.415934466667,9615.630952843614
2025-07-09,61386.136756926026,0.0,0.0,16123.113001388478,61386.136756926026,2535.415934466667,3525.275491504446,18706.89944458848
2025-07-10,62936.4395856775,0.0,0.0,19871.348202304114,62936.4395856775,3525.275491504446,3727.6075645962956,20893.16671782757
2025-07-11,63231.947208125726,0.0,0.0,54660.511672052264,63231.947208125726,3727.6075645962956,10607.894700283707,36648.47540550658
2025-07-12,47681.6069012088,0.0,0.0,42994.76494417654,47681.6069012088,10607.894700283707,7925.746402926672,27952.94157888394
2025-07-13,41654.66072004943,17149.027367227864,2763.8496894016703,2177.820168421804,58803.688087277296,7925.746402926672,1216.19373,7317.026346127803
2025-07-14,51505.451537366665,789.7529350186695,122.85108841099827,6318.12536471276,52295.20447238533,1216.19373,1470.4901989777782,8222.435817569334
2025-07-15,56302.54000829798,0.0,0.0,10345.235912185588,56302.54000829798,1470.4901989777782,3054.4976565985185,15966.998938452252
2025-07-16,58857.13575754294,0.0,0.0,15343.202909559255,58857.13575754294,3054.4976565985185,3327.0752388159262,18766.888653959257
2025-07-17,60855.11903155531,0.0,0.0,16939.334088882308,60855.11903155531,3327.0752388159262,3748.760933282593,16888.67252444898
2025-07-18,62042.75831116481,0.0,0.0,54333.47781075102,62042.75831116481,3748.760933282593,10682.436926537039,35993.1164735037
2025-07-19,46714.174303135005,0.0,0.0,45796.868610052676,46714.174303135005,10682.436926537039,7782.449317202963,28209.8079112288
2025-07-20,40444.72270494423,35256.35274664701,5442.483040269282,123.67530936666662,75701.07545159124,7782.449317202963,1222.4021320370375,10194.893515401282
2025-07-21,51153.10828178715,471.50374870861845,72.63560963099931,3387.1751568452673,51624.612030495766,1222.4021320370375,1595.3240747999996,6875.892570142933
2025-07-22,56553.09849641574,0.0,0.0,10405.456318585191,56553.09849641574,1595.3240747999996,2528.6827640237043,10909.376836818523
2025-07-23,59844.36209513797,0.0,0.0,14110.41394106379,59844.36209513797,2528.6827640237043,3278.7194089537024,15464.871959563787
2025-07-24,62247.01683508039,0.0,0.0,17657.59752371235,62247.01683508039,3278.7194089537024,4164.134690521112,22510.734955879012
2025-07-25,62817.92444815839,0.0,0.0,60521.51872482099,62817.92444815839,4164.134690521112,10704.462195855927,37002.69156691112
2025-07-26,46016.61437145812,0.0,0.0,43107.10209203066,46016.61437145812,10704.462195855927,7852.015437239261,27233.307472511297
2025-07-27,40156.0910973267,46339.38627574386,7538.254039481664,291.5444496000008,86495.47737307056,7852.015437239261,1200.0,12042.280509363662
2025-07-28,51583.16619794943,4399.353731332116,698.1783608732009,798.2546518209873,55982.519929281545,1200.0,1333.1907244722222,5854.818705027521
2025-07-29,58161.23409342034,211.11115382500057,31.35448000000008,10103.816512018922,58372.345247245335,1333.1907244722222,2624.922548541853,11625.696002880652
2025-07-30,61350.048188445144,0.0,0.0,16290.924217433343,61350.048188445144,2624.922548541853,3629.6625229411134,17222.637500666675
2025-07-31,62934.92847199662,0.0,0.0,17934.760146182303,62934.92847199662,3629.6625229411134,3857.193584297778,19799.277080951848
2025-08-01,63967.7236702477,0.0,0.0,66965.63956579423,63967.7236702477,3857.193584297778,10800.0,36439.308652209875
2025-08-02,45116.44169673613,0.0,0.0,49180.698903895056,45116.44169673613,10800.0,8059.413953349999,27315.825421133733
2025-08-03,37994.78665627322,16351.014250311435,3020.1784005313352,2391.9452607983535,54345.800906584656,8059.413953349999,1224.462447,7970.802273289242
2025-08-04,47546.4356661168,0.0,0.0,5887.5261801460965,47546.4356661168,1224.462447,1619.7134680277775,8716.647530386424
2025-08-05,51547.97852009485,0.0,0.0,11459.313535264198,51547.97852009485,1619.7134680277775,2633.837990317036,10478.693141825932
2025-08-06,53945.306104647636,0.0,0.0,11789.346197215236,53945.306104647636,2633.837990317036,3497.7153230214826,16342.01637649713
2025-08-07,56631.17646318994,0.0,0.0,20491.52840945884,56631.17646318994,3497.7153230214826,3833.1476265351844,20028.708388958847
2025-08-08,56591.6700729847,0.0,0.0,62051.03339627406,56591.6700729847,3833.1476265351844,10800.0,33749.30314022594
2025-08-09,40418.83921070049,0.0,0.0,42794.93498548148,40418.83921070049,10800.0,7926.683100123708,24847.277713802054
2025-08-10,35082.73482679046,48496.68900619641,7830.358553463673,0.0,83579.42383298687,7926.683100123708,1201.918584,13235.853862652342
2025-08-11,46022.67434191691,783.2671474181969,116.17971463333288,4329.232787513997,46805.941489335106,1201.918584,1420.372729143704,5198.055647512758
2025-08-12,50634.892534735554,0.0,0.0,7436.117126069961,50634.892534735554,1420.372729143704,2556.24980598889,9626.827664438271
2025-08-13,54373.294871182356,0.0,0.0,14065.154072228397,54373.294871182356,2556.24980598889,3708.979859998891,14737.936441211525
2025-08-14,56263.96098274832,0.0,0.0,17395.820680111938,56263.96098274832,3708.979859998891,3703.420333829262,15806.972617913583
2025-08-15,57483.43285764958,0.0,0.0,61683.154906265336,57483.43285764958,3703.420333829262,10666.663742501114,33486.52744760297
2025-08-16,41166.15765718567,0.0,0.0,45869.933901561315,41166.15765718567,10666.663742501114,8042.541024215927,24147.46297202469
2025-08-17,35126.35049355593,35537.438371080076,6260.711157193336,0.0,70663.78886463601,8042.541024215927,1200.0,9861.336952973339
2025-08-18,45728.23642408399,943.503042643666,138.8796375666666,3330.649391307408,46671.73946672765,1200.0,1666.4601137522272,5905.378560528814
2025-08-19,50417.95442401613,629.6939922502643,93.34959476666631,10509.055171472844,51047.64841626639,1666.4601137522272,2509.5672871529623,12470.88079549671
2025-08-20,53370.05119620157,0.0,0.0,7416.119332766256,53370.05119620157,2509.5672871529623,3349.623617393333,8522.02671413292
2025-08-21,57240.256547523386,0.0,0.0,18499.1124071749,57240.256547523386,3349.623617393333,3953.6276308911138,22537.76193794156
2025-08-22,57710.27941325957,0.0,0.0,58382.62721029423,57710.27941325957,3953.6276308911138,10450.296280353703,33832.7211339465
2025-08-23,42485.32300570771,0.0,0.0,42230.55292618972,42485.32300570771,10450.296280353703,8027.252516282593,24969.222274985594
2025-08-24,36889.88457646376,27379.65630988885,4477.507077704542,704.9851749000034,64269.54088635261,8027.252516282593,1204.4913000000001,12059.54782486254
2025-08-25,47324.81286624455,7383.950508459135,1066.711250070994,671.3863135847713,54708.76337470369,1204.4913000000001,1494.1389620462962,6701.276284255766
2025-08-26,53241.66269137771,0.0,0.0,12889.697636897947,53241.66269137771,1494.1389620462962,2862.86912550593,12612.337068964613
2025-08-27,55554.57506217801,0.0,0.0,13758.935173683125,55554.57506217801,2862.86912550593,3273.0766369259272,14803.017457849786
2025-08-28,58116.36927505323,0.0,0.0,14001.036770335384,58116.36927505323,3273.0766369259272,3834.8570423162955,15529.97060323538
2025-08-29,59917.32103698802,0.0,0.0,59540.70260464592,59917.32103698802,3834.8570423162955,10560.292347643706,35534.64130454593
2025-08-30,43662.032487986886,0.0,0.0,49027.63751492921,43662.032487986886,10560.292347643706,7589.0286736785165,27476.27590521193
2025-08-31,37167.76347441322,42310.808413302635,6586.647916318005,23.57545403333347,79478.57188771587,7589.0286736785165,1341.6457837500002,12194.268511010665
2025-09-01,47816.071519989615,0.0,0.0,14218.092526802477,47816.071519989615,1341.6457837500002,5412.058598240743,15191.24529113581
2025-09-02,46569.300098558975,0.0,0.0,15571.825110230868,46569.300098558975,5412.058598240743,4855.234036490743,11345.97039973086
2025-09-03,48023.10085013159,0.0,0.0,16605.690977767073,48023.10085013159,4855.234036490743,4443.140572946299,18890.920569493825
2025-09-04,49673.89571744784,0.0,0.0,19865.819428566258,49673.89571744784,4443.140572946299,4555.370293835187,20857.087519999586
2025-09-05,49617.47038450387,0.0,0.0,61673.20968402262,49617.47038450387,4555.370293835187,10551.445953695556,33237.149328534564
2025-09-06,33932.64670611933,0.0,0.0,44148.24295086213,33932.64670611933,10551.445953695556,8313.490605698149,25236.524211285585
2025-09-07,28415.833062358302,39859.824223908625,6679.167522051843,0.0,68275.65728626693,8313.490605698149,1202.4058770000001,11884.69782261051
2025-09-08,38698.1785129347,9963.69687139103,1486.4222996787894,881.3083287810774,48661.87538432573,1202.4058770000001,1297.5967344396295,7869.943845793867
2025-09-09,44738.50399059297,0.0,0.0,13864.46395556626,44738.50399059297,1297.5967344396295,2613.6805304940754,14600.928469067081
2025-09-10,46898.35378199433,0.0,0.0,8111.980818261318,46898.35378199433,2613.6805304940754,3187.0146008562992,8688.933209827983
2025-09-11,50814.24041213373,0.0,0.0,21616.278882123454,50814.24041213373,3187.0146008562992,3898.269427774076,20869.644749456787
2025-09-12,50552.01469305676,0.0,0.0,57898.213303251025,50552.01469305676,3898.269427774076,10303.175146308888,33990.935775051024
2025-09-13,35279.17466019819,0.0,0.0,46647.74344522099,35279.17466019819,10303.175146308888,8076.641350345551,27734.860373450625
2025-09-14,29432.599674148718,60076.813811847845,9907.559804504666,0.0,89509.41348599657,8076.641350345551,1200.0,15767.664722995323
2025-09-15,40813.664588467014,7.89360615000031,1.1717666666667128,6455.053073684781,40821.55819461701,1200.0,1631.7039079466651,8045.169783315228
2025-09-16,45267.52232864282,0.0,0.0,8015.059552425921,45267.52232864282,1631.7039079466651,2247.748724727776,10241.498060925918
2025-09-17,48977.13062557911,0.0,0.0,12410.887409286419,48977.13062557911,2247.748724727776,3184.2517324044466,11539.802751719752
2025-09-18,51679.151338912605,0.0,0.0,17385.350972470376,51679.151338912605,3184.2517324044466,3662.6558076118567,17318.00516547038
2025-09-19,52789.54167109312,0.0,0.0,55729.62589694999,52789.54167109312,3662.6558076118567,10800.0,35546.147096156994
2025-09-20,37317.19144153806,0.0,0.0,42488.84007554897,37317.19144153806,10800.0,8174.369418908889,27399.07431401893
2025-09-21,31723.18079005429,27468.707397623286,4445.624418241674,82.14876833333244,59191.88818767758,8174.369418908889,1232.93535855,10557.076611741672
2025-09-22,42389.270886984676,144.60111201369588,25.600795172999483,3845.24588130371,42533.87199899837,1232.93535855,1283.26568913,5927.055443405197
2025-09-23,47721.921157971636,0.0,0.0,8763.118074917702,47721.921157971636,1283.26568913,2439.7404539474082,7927.597678293419
2025-09-24,51472.17343240698,0.0,0.0,14557.884323371598,51472.17343240698,2439.7404539474082,3421.01355415889,14265.87735890493
2025-09-25,53363.57014050827,0.0,0.0,18646.38893997901,53363.57014050827,3421.01355415889,3601.2163763251874,19822.634532345674
2025-09-26,54166.861955599656,0.0,0.0,56265.03055699186,54166.861955599656,3601.2163763251874,10644.392421153705,35475.46172084105
2025-09-27,38616.987384278626,0.0,0.0,42544.330444786414,38616.987384278626,10644.392421153705,7808.068496665927,27625.191318862548
2025-09-28,32994.17621443808,45043.17041791146,7505.809227991991,88.95422490000044,78037.34663234954,7808.068496665927,1200.0,11671.90769430932
2025-09-29,44516.17455636205,819.2475901001267,126.99474269999905,4847.660020643206,45335.42214646217,1200.0,1507.9397542333334,5083.505758093
2025-09-30,49717.659524013274,186.44850657939995,27.595427599999994,8131.0216098732435,49904.10803059267,1507.9397542333334,2594.5481297877814,7585.839091968717
2025-10-01,53683.51911387428,0.0,0.0,27828.285355150198,53683.51911387428,2594.5481297877814,5189.722437487037,28470.01691329589
2025-10-02,50513.27626549319,0.0,0.0,23040.351530481108,50513.27626549319,5189.722437487037,5083.001139138888,21052.22421078111
2025-10-03,49420.950363161006,0.0,0.0,60690.44739231317,49420.950363161006,5083.001139138888,10800.0,34541.69254552017
2025-10-04,33524.30022077511,0.0,0.0,39411.685684265016,33524.30022077511,10800.0,8358.952471685185,27441.33360766502
2025-10-05,28198.470222169562,32260.07652746048,5492.780587552,0.0,60458.54674963004,8358.952471685185,1232.70134367,8934.689184547999
2025-10-06,39106.52414571425,332.9758985493193,47.73163683333132,2386.2254105370394,39439.500044263565,1232.70134367,1428.0175504499998,4777.6233062037045
2025-10-07,44589.013924907034,0.0,0.0,8932.516886872841,44589.013924907034,1428.0175504499998,2809.3817871544466,8672.915544959676
2025-10-08,47679.0542928482,0.0,0.0,15259.013340546097,47679.0542928482,2809.3817871544466,3250.477518434813,15392.85179087943
2025-10-09,49741.04961411517,0.0,0.0,18609.724820858442,49741.04961411517,3250.477518434813,3738.01353329852,17592.98948189177
2025-10-10,50459.53599452273,0.0,0.0,60432.2581620572,50459.53599452273,3738.01353329852,10417.708614938148,34174.16560326255
2025-10-11,34602.10872637939,0.0,0.0,39879.898557866254,34602.10872637939,10417.708614938148,8106.560829425931,27902.46953222592
2025-10-12,29231.60406955324,44510.56487748161,7456.187258952327,0.0,73742.16894703485,8106.560829425931,1212.1413089999999,12457.758945518995
2025-10-13,40820.094295678966,0.0,0.0,5373.830210966671,40820.094295678966,1212.1413089999999,1538.409895332963,6344.376766462144
2025-10-14,45581.34347245777,0.0,0.0,7358.485043030453,45581.34347245777,1538.409895332963,2560.864459191853,7518.6786925617325
2025-10-15,49447.10818987645,0.0,0.0,11571.607461515632,49447.10818987645,2560.864459191853,3401.118462401482,13730.564591464197
2025-10-16,52342.7845114517,0.0,0.0,14490.945983271607,52342.7845114517,3401.118462401482,3923.226852694446,17011.234493485594
2025-10-17,54152.443153098095,0.0,0.0,58960.66692885678,54152.443153098095,3923.226852694446,10332.058885453704,34895.44190350536
2025-10-18,38140.43654070194,0.0,0.0,43648.28975412922,38140.43654070194,10332.058885453704,8332.126237505558,29407.970261981485
2025-10-19,31409.312261475345,54785.19366525212,9028.716673614334,207.19125043333315,86194.50592672746,8332.126237505558,1200.0,14039.443966247667
2025-10-20,43978.22170370899,3470.238802753373,710.1889479733331,3558.1698641514377,47448.46050646236,1200.0,1324.4800779088891,4271.514200498274
2025-10-21,49840.52994264433,0.0,0.0,7495.795133561725,49840.52994264433,1324.4800779088891,2742.4704815888836,8445.749590728388
2025-10-22,53597.730456915226,0.0,0.0,13933.424901677367,53597.730456915226,2742.4704815888836,3313.0608114829633,14427.552179210703
2025-10-23,56241.45947763458,0.0,0.0,19458.600095310292,56241.45947763458,3313.0608114829633,3929.2088684955565,21797.64937734363
2025-10-24,56533.08397132627,0.0,0.0,59936.37115922263,56533.08397132627,3929.2088684955565,10275.680170030373,36564.17552381646
2025-10-25,40237.38895547201,0.0,0.0,43492.643999923865,40237.38895547201,10275.680170030373,8100.090620544815,29410.498852370358
2025-10-26,33655.22526246152,38655.90843797808,6537.817071430008,28.915791833332946,72311.1337004396,8100.090620544815,1213.25181,10953.67267659668
2025-10-27,45399.67726612501,656.0767502140277,100.53499676233196,5859.0465036160485,46055.75401633904,1213.25181,1391.130893904074,6545.192444845049
2025-10-28,50556.81270317573,0.0,0.0,8853.736588041913,50556.81270317573,1391.130893904074,2718.310635303335,10309.598314843563
2025-10-29,54004.51105858447,0.0,0.0,10313.32898362057,54004.51105858447,2718.310635303335,3145.0608476559237,11793.610183087236
2025-10-30,57680.85564158585,0.0,0.0,19804.183593382717,57680.85564158585,3145.0608476559237,3872.861612349262,22206.48801068272
2025-10-31,57890.25425647211,0.0,0.0,55805.825349818915,57890.25425647211,3872.861612349262,10510.500482712967,37341.018357810695
2025-11-01,42331.88429932121,0.0,0.0,43399.53871147828,42331.88429932121,10510.500482712967,8318.937205565926,29904.30723265957
2025-11-02,35533.19716036564,45690.884458522734,7865.4795598823275,204.6860779000002,81224.08161888838,8318.937205565926,1237.832598,11865.434393109
2025-11-03,48065.252267813834,0.0,0.0,3353.6006035909422,48065.252267813834,1237.832598,1585.9036781011123,5310.639055897524
2025-11-04,53628.44481662642,0.0,0.0,12417.195691971607,53628.44481662642,1585.9036781011123,2391.8644361914817,12249.85269620494
2025-11-05,56653.37667136198,0.0,0.0,13498.325115421816,56653.37667136198,2391.8644361914817,3398.3905100314823,15634.808365421814
2025-11-06,59048.65078191623,0.0,0.0,15160.346673063374,59048.65078191623,3398.3905100314823,3690.3287863062938,16287.362791363374
2025-11-07,60884.28777068926,0.0,0.0,60406.33313343374,60884.28777068926,3690.3287863062938,10466.87709072556,37589.52566573005
2025-11-08,43920.95819047386,0.0,0.0,44384.92157372634,43920.95819047386,10466.87709072556,8209.499515911482,30862.333612700808
2025-11-09,36777.90735937869,52007.74872319965,8644.034862970668,176.15077083333347,88785.65608257834,8209.499515911482,1200.0,14703.605237208667
2025-11-10,49582.96760220456,1075.9139167560256,166.9040626049968,1121.8066750987578,50658.88151896059,1200.0,1385.8371544240742,3647.8600666337525
2025-11-11,56036.06755297106,0.0,0.0,11138.450298297123,56036.06755297106,1385.8371544240742,2542.2323978751856,11753.77479269712
2025-11-12,59208.117894839794,0.0,0.0,15668.517260066666,59208.117894839794,2542.2323978751856,3276.3113116351874,15206.265824600001
2025-11-13,61403.3146496144,0.0,0.0,16863.57048312264,61403.3146496144,3276.3113116351874,3738.0669295370353,19427.885274473665
2025-11-14,62482.101563037504,0.0,0.0,57960.85353923087,62482.101563037504,3738.0669295370353,10684.968905901113,38282.488447566255
2025-11-15,45901.64873302157,0.0,0.0,42900.82001830041,45901.64873302157,10684.968905901113,8151.524912124075,30960.993520328797
2025-11-16,39272.45615709208,48206.253858450866,8505.266409499338,380.67975633333333,87478.71001554295,8151.524912124075,1200.0,12250.53075253267
2025-11-17,52155.55988472305,0.0,0.0,5469.770156537046,52155.55988472305,1200.0,1660.2479742559244,5605.278823085606
2025-11-18,57176.03768475855,0.0,0.0,9259.5687435502,57176.03768475855,1660.2479742559244,2558.62967717926,11397.976780683535
2025-11-19,60825.82844800302,0.0,0.0,13532.040826935394,60825.82844800302,2558.62967717926,3015.225533072964,12759.00976640042
2025-11-20,63755.66315293638,0.0,0.0,17397.28046177777,63755.66315293638,3015.225533072964,3798.1953755722234,19265.08259277777
2025-11-21,64566.72576820597,0.0,0.0,59547.86623060864,64566.72576820597,3798.1953755722234,10667.070532851852,38816.21082000246
2025-11-22,47414.315669596675,0.0,0.0,43186.79526183416,47414.315669596675,10667.070532851852,8125.554090385184,31524.247077842796
2025-11-23,40673.187818909195,40247.33921318796,7299.3261107319995,325.4752215000001,80920.52703209716,8125.554090385184,1200.0,10788.691509532002
2025-11-24,53192.202441556365,558.4457982282345,92.58642576666682,6153.576406529635,53750.6482397846,1200.0,1251.2192961925923,8062.735732851033
2025-11-25,58433.93511357825,0.0,0.0,9312.919895637859,58433.93511357825,1251.2192961925923,2612.8183857518547,9959.887472637858
2025-11-26,61894.04466122566,0.0,0.0,13058.926113890537,61894.04466122566,2612.8183857518547,3477.396547633333,14749.23826120577
2025-11-27,64524.97020733773,0.0,0.0,17631.985243525927,64524.97020733773,3477.396547633333,3905.5128675370383,19685.492601819748
2025-11-28,65423.742560568324,0.0,0.0,58746.545560265426,65423.742560568324,3905.5128675370383,10492.202486137037,38893.383678166254
2025-11-29,48799.12394671452,0.0,0.0,40270.17709814896,48799.12394671452,10492.202486137037,8006.34591089259,32879.91117337325
2025-11-30,42740.401546718465,52879.33288415389,9028.00030908833,0.0,95619.73443087236,8006.34591089259,1200.0,14243.397674754993
2025-12-01,55874.175316291265,19354.098548106485,3932.6523546159965,1157.4418793333334,75228.27386439775,1200.0,1200.0,7438.480754162663
2025-12-02,63779.98542613639,0.0,0.0,3800.4076493127627,63779.98542613639,1200.0,2293.393660445186,4798.976571745269
2025-12-03,69157.81507596093,0.0,0.0,12356.393397937038,69157.81507596093,2293.393660445186,3226.0664989214833,14039.78147167037
2025-12-04,71953.96394365809,0.0,0.0,16504.543746315634,71953.96394365809,3226.0664989214833,3713.6517978588877,15840.279755315632
2025-12-05,73356.38575873958,0.0,0.0,58781.30218122016,73356.38575873958,3713.6517978588877,10616.452347527775,39267.20649114897
2025-12-06,56489.322592636665,0.0,0.0,42136.45629431316,56489.322592636665,10616.452347527775,8075.631393897407,34374.37813406214
2025-12-07,49754.285649587386,40070.5710324372,6850.928807216662,212.1488635333336,89824.85668202458,8075.631393897407,1218.224325,11389.49254688333
2025-12-08,62445.35612051733,0.0,0.0,4381.128217804528,62445.35612051733,1218.224325,1711.0826456688908,5939.038949462543
2025-12-09,67807.4673961606,0.0,0.0,11086.617053971604,67807.4673961606,1711.0826456688908,2555.1947521077795,10693.144434271606
2025-12-10,71183.81044709493,0.0,0.0,14131.672069413582,71183.81044709493,2555.1947521077795,3215.111725877779,16133.356177486425
2025-12-11,73527.79755502116,0.0,0.0,19351.659751295883,73527.79755502116,3215.111725877779,3912.0066126314846,19856.512728701644
2025-12-12,73730.16266939473,0.0,0.0,57167.76395825103,73730.16266939473,3912.0066126314846,10560.937302748149,39013.61910520576
2025-12-13,57212.73082499271,0.0,0.0,43006.29155319465,57212.73082499271,10560.937302748149,8232.66200092963,34509.093237540335
2025-12-14,50232.773096483055,40358.07766882307,7097.460348281339,93.10225916666639,90590.85076530612,8232.66200092963,1200.0,11239.569205481339
2025-12-15,63040.411004416994,0.0,0.0,3557.278328932097,63040.411004416994,1200.0,1562.5136145555557,4603.964363088469
2025-12-16,68710.00270645315,0.0,0.0,10280.587401552266,68710.00270645315,1562.5136145555557,2507.9865103914826,10632.103965518932
2025-12-17,72129.07361745107,0.0,0.0,15685.8551493321,72129.07361745107,2507.9865103914826,3317.201908329261,16859.65370519876
2025-12-18,73971.95233068068,0.0,0.0,18644.0628402889,73971.95233068068,3317.201908329261,3836.8031480948157,17294.284002274908
2025-12-19,74587.4894597131,0.0,0.0,59214.56889001646,74587.4894597131,3836.8031480948157,10339.322228056668,39069.66462603949
2025-12-20,57623.25455701037,0.0,0.0,44263.02990639505,57623.25455701037,10339.322228056668,8156.131149211113,35284.48795964156
2025-12-21,50101.184939809995,43135.65185600845,7456.946155893998,13.583115166666175,93236.83679581844,8156.131149211113,1206.2440049999998,12209.429006608661
2025-12-22,62961.41547152964,288.77720388532714,57.1934467666656,4186.852033285606,63250.19267541497,1206.2440049999998,1446.7316736422222,4936.078510967085
2025-12-23,68596.3604018607,0.0,0.0,12023.331135779845,68596.3604018607,1446.7316736422222,2675.020078632594,12413.602160013177
2025-12-24,71285.54863612275,0.0,0.0,14917.453542871186,71285.54863612275,2675.020078632594,3217.6130911070386,15841.493512771187
2025-12-25,73646.7246535746,0.0,0.0,17506.28319433333,73646.7246535746,3217.6130911070386,3864.0984345074057,19689.039791010287
2025-12-26,74326.39956991971,0.0,0.0,58315.54154672715,74326.39956991971,3864.0984345074057,10770.715976736674,39448.02354154526
2025-12-27,57320.358715836875,0.0,0.0,43609.312092672015,57320.358715836875,10770.715976736674,8247.979512522967,34621.9611164222
2025-12-28,50156.80192498376,33049.09775437645,5912.958975975278,684.1886608012358,83205.89967936021,8247.979512522967,1209.67794,10716.351413209843
2025-12-29,62320.61116151344,233.94904286184385,66.05282314566679,5119.603106995466,62554.56020437529,1209.67794,1245.421125513333,6300.342189316467
2025-12-30,67718.06974684591,0.0,0.0,12015.80796548765,67718.06974684591,1245.421125513333,2589.9738846111145,11530.156608154313
2025-12-31,70433.814232712,0.0,0.0,13218.83488994115,70433.814232712,2589.9738846111145,2939.0540728229657,13393.208552409878
