日期,正常费,调整费,紧急费,总费用,紧急电量,未利用供给,日初电量,日末电量,预测方法
2025-01-01,0.0,0.0,357384.78779798595,357384.78779798595,87715.17001756668,0.0,6000.0,1200.0000009999999,weighted
2025-01-02,90954.58035517189,0.0,1.588887243997306e-12,90954.58035517189,4.547473508864641e-13,36419.25258605481,1200.0000009999999,2092.0846008148123,weighted
2025-01-03,91207.00329981162,0.0,0.0,91207.00329981162,0.0,78593.43913416662,2092.0846008148123,9433.043487361825,weighted
2025-01-04,68312.96601860007,0.0,9.063398920261535e-13,68312.96601860007,1.7053025658242404e-13,58760.56714858159,9433.043487361825,6339.156360166669,weighted
2025-01-05,61121.13763806052,0.0,27819.02324475277,88940.16088281329,4967.937601851851,9413.086534327851,6339.156360166669,1233.2667301666665,weighted
2025-01-06,72889.15169195324,0.0,3.111497675993818e-13,72889.15169195324,6.499409842784798e-14,12954.407664596416,1233.2667301666665,3282.1432892732264,weighted
2025-01-07,74105.52080707217,0.0,3.8239864157265736e-12,74105.52080707217,8.579344510208434e-13,14893.68818590124,3282.1432892732264,2606.6471875962857,weighted
2025-01-08,78961.92468763696,0.0,6.747973866423791e-13,78961.92468763696,1.3899260431840532e-13,23286.13640150325,2606.6471875962857,3224.24475468842,weighted
2025-01-09,79433.9299458585,0.0,1.0779785952763631e-12,79433.9299458585,2.2737367544323206e-13,23369.638173127412,3224.24475468842,2566.284454614137,weighted
2025-01-10,74255.74389226621,0.0,6.129425855760929e-13,74255.74389226621,1.1368683772161603e-13,55430.2285250292,2566.284454614137,10383.587600757604,weighted
2025-01-11,53911.39916936551,0.0,3.813340754277306e-13,53911.39916936551,8.526512829121202e-14,38999.40258416918,10383.587600757604,7085.553917052767,weighted
2025-01-12,45870.475084935744,0.0,83552.56023211699,129423.03531705274,14736.105233551953,1.0231815394945443e-12,7085.553917052767,1229.7070593333333,weighted
2025-01-13,69518.7220539119,0.0,1.0952874163194792e-12,69518.7220539119,2.2737367544323206e-13,12427.760716032328,1229.7070593333333,2288.6654997831292,weighted
2025-01-14,73980.3856360261,0.0,1.0889493751164991e-12,73980.3856360261,2.2737367544323206e-13,16522.461848756775,2288.6654997831292,3389.770534138367,weighted
2025-01-15,68907.89985313067,0.0,1.3065744042251027e-12,68907.89985313067,2.8421709430404007e-13,10202.79339955643,3389.770534138367,2966.3401900002928,weighted
2025-01-16,70210.21267450592,0.0,2.719673375395359e-13,70210.21267450592,5.684341886080802e-14,11709.397562158787,2966.3401900002928,3763.5615252203693,weighted
2025-01-17,70537.73416377124,0.0,1.8047217054117938e-12,70537.73416377124,3.410605131648481e-13,54042.525307188946,3763.5615252203693,10522.725653049629,weighted
2025-01-18,52820.52531879693,0.0,0.0,52820.52531879693,0.0,38136.32391466014,10522.725653049629,8039.660154179633,weighted
2025-01-19,45628.297923833044,0.0,76169.58816251592,121797.88608634897,12761.519453533228,23.57093400000089,8039.660154179633,1305.0100363222223,weighted
2025-01-20,60027.72927712728,0.0,645.0634345022047,60672.79271162948,114.18026746684134,1138.3259922445382,1305.0100363222223,1459.1365640290528,weighted
2025-01-21,65695.02306666039,0.0,1.3525607300834963e-12,65695.02306666039,2.8421709430404007e-13,12016.268183495471,1459.1365640290528,2468.4923868500005,weighted
2025-01-22,72869.44373340585,0.0,1.4987335816840639e-12,72869.44373340585,3.410605131648481e-13,14511.045165785887,2468.4923868500005,3619.088982057408,weekly
2025-01-23,73024.70626530374,0.0,1.2769589829986217e-12,73024.70626530374,2.8421709430404007e-13,14680.302006890775,3619.088982057408,3886.2418681685185,weekly
2025-01-24,37082.274369296705,0.0,4.531557351583615e-13,37082.274369296705,1.1368683772161603e-13,20036.51156854496,3886.2418681685185,4529.647162005473,weekly
2025-01-25,35402.23699052962,0.0,6.492371085187187e-13,35402.23699052962,1.7053025658242404e-13,19422.48973461574,4529.647162005473,4783.918976873284,weekly
2025-01-26,66650.50111844786,0.0,7.626681508554612e-13,66650.50111844786,1.7053025658242404e-13,10822.05304023024,4783.918976873284,3098.060267312473,weekly
2025-01-27,68062.18374829742,0.0,1.0429630492581054e-12,68062.18374829742,2.2737367544323206e-13,15872.88824437009,3098.060267312473,2860.2026520699933,weekly
2025-01-28,66767.44100170932,0.0,7.20945081411628e-13,66767.44100170932,1.7053025658242404e-13,11135.84063134795,2860.2026520699933,2776.1509861603176,weekly
2025-01-29,67831.66604738889,0.0,9.061551509148558e-13,67831.66604738889,1.9895196601282805e-13,17741.19943567999,2776.1509861603176,3345.818535813759,weekly
2025-01-30,64730.83547525809,0.0,7.677712658346603e-13,64730.83547525809,1.7906374083151433e-13,11528.42937162757,3345.818535813759,3118.9800460722195,weekly
2025-01-31,30454.457517522555,0.0,4.0378722587774975e-13,30454.457517522555,1.1368683772161603e-13,13139.18443211345,3118.9800460722195,3156.1492838111103,weekly
2025-02-01,29942.169434429394,0.0,3.243201263103401e-13,29942.169434429394,8.526512829121202e-14,16794.170897775726,3156.1492838111103,3488.2298388055588,weekly
2025-02-02,61989.824082266605,0.0,8.501083023290669e-13,61989.824082266605,1.8918216602645255e-13,13470.715329558834,3488.2298388055588,3237.48496382963,weekly
2025-02-03,61053.62621562262,0.0,3.095948033528251e-13,61053.62621562262,6.49910084516564e-14,10211.025683805117,3237.48496382963,3217.3849369592594,weekly
2025-02-04,61600.01036228822,0.0,7.503331289626659e-13,61600.01036228822,2.2737367544323206e-13,9748.436310965644,3217.3849369592594,3193.8470362296302,weekly
2025-02-05,61796.46118594861,0.0,2.6500401872908696e-13,61796.46118594861,1.1368683772161603e-13,10805.446117227802,3193.8470362296302,3099.3193774444467,weekly
2025-02-06,62670.46663464804,0.0,1.2904592949780635e-12,62670.46663464804,2.8421709430404007e-13,12170.167046261531,3099.3193774444467,3230.514785962964,weekly
2025-02-07,29427.729966100796,0.0,0.0,29427.729966100796,0.0,18637.50518261661,3230.514785962964,3210.861998273701,weekly
2025-02-08,27051.515263964895,0.0,0.0,27051.515263964895,0.0,15143.550719602554,3210.861998273701,3159.4846757277746,weekly
2025-02-09,55968.60244741897,0.0,2.2414710088014545e-12,55968.60244741897,8.668621376273222e-13,4636.7310532242855,3159.4846757277746,2179.6482047703735,weekly
2025-02-10,56609.639082072055,0.0,4.798721420229413e-13,56609.639082072055,1.1368683772161603e-13,11323.269680075526,2179.6482047703735,1896.106266694539,weekly
2025-02-11,54510.18089772605,0.0,2.8386182293616004e-13,54510.18089772605,7.105427357601002e-14,7027.462686433177,1896.106266694539,1932.3619836336256,weekly
2025-02-12,54363.70876107439,0.0,7.438387683578185e-13,54363.70876107439,1.8474111129762605e-13,6811.054564097785,1932.3619836336256,1932.8628996575026,weekly
2025-02-13,54439.52557628159,0.0,3.966660810580946e-14,54439.52557628159,8.789410171905487e-15,10993.127314663634,1932.8628996575026,2085.887566031772,weekly
2025-02-14,21445.61623503195,0.0,1.2956888895132577e-12,21445.61623503195,4.547473508864641e-13,7641.116872279618,2085.887566031772,2143.300830742394,weekly
2025-02-15,21764.83726114702,0.0,1.9300898657093055e-12,21764.837261147022,6.252776074688882e-13,9874.965744634394,2143.300830742394,1751.164000356726,weekly
2025-02-16,51863.57339725586,0.0,98.83030499999956,51962.40370225586,21.723333333333358,3464.467375241714,1751.164000356726,1707.523161760235,weekly
2025-02-17,51756.49549825789,0.0,2.489457529009087e-13,51756.49549825789,5.684341886080802e-14,8103.987019095618,1707.523161760235,1866.0644136900612,weekly
2025-02-18,51146.165850834266,0.0,1.3724914538215671e-12,51146.165850834266,5.329070518200751e-13,5622.115151171757,1866.0644136900612,2271.035227023392,weekly
2025-02-19,50563.135668992494,0.0,158.6966568750004,50721.83232586749,36.23625000000011,4708.043479235539,2271.035227023392,1515.731786282654,weekly
2025-02-20,50598.36684561342,0.0,108.85676892000113,50707.22361453342,23.240130000000548,5590.786739800405,1515.731786282654,2059.193774931483,weekly
2025-02-21,20270.010016994376,0.0,1.6480043996125462e-12,20270.010016994376,6.821210263296962e-13,9995.325525295824,2059.193774931483,2178.6792517833346,weekly
2025-02-22,20244.154820796663,0.0,5.054801022197353e-13,20244.154820796663,1.7053025658242404e-13,7563.4586951352685,2178.6792517833346,2267.838144375926,weekly
2025-02-23,50059.32314569883,0.0,1.0935821137536551e-12,50059.32314569883,3.268496584496461e-13,5193.71411427983,2267.838144375926,1883.0171397425954,weekly
2025-02-24,49142.028902566475,0.0,50.341027696000594,49192.369930262474,10.747444000000158,7464.448428084366,1883.0171397425954,1852.8029166759318,weekly
2025-02-25,49010.768694476676,0.0,101.83678721875145,49112.60548169543,23.25306250000034,9461.195566892999,1852.8029166759318,1676.7319434074095,weekly
2025-02-26,47966.06083805136,0.0,7.122764600353548e-13,47966.06083805136,2.2737367544323206e-13,4129.41815243621,1676.7319434074095,2184.560557296296,weekly
2025-02-27,47127.12334385756,0.0,359.3816969635362,47486.505040821095,73.34966838999958,5271.996986259259,2184.560557296296,1848.704842666667,weekly
2025-02-28,18645.23814114846,0.0,5.712763595511205e-13,18645.23814114846,2.2737367544323206e-13,9316.191337867549,1848.704842666667,1909.653342883243,weekly
2025-03-01,18800.555071884457,0.0,7.807443580531981e-13,18800.555071884457,2.8421709430404007e-13,9108.583093360952,1909.653342883243,2051.613703774828,weekly
2025-03-02,48118.90725126327,0.0,9835.145535322401,57954.05278658567,1439.5517169791542,3479.777880014198,2051.613703774828,1739.4172224814818,weekly
2025-03-03,49771.27523533637,0.0,1.1211795936105773e-12,49771.27523533637,2.2737367544323206e-13,3715.2444867532035,1739.4172224814818,1937.8363829333061,weekly
2025-03-04,50533.34481994511,0.0,9.388259059051053e-13,50533.34481994511,3.410605131648481e-13,8462.50637710917,1937.8363829333061,1961.5973105166686,weekly
2025-03-05,50156.56039312322,0.0,9.420091373613104e-13,50156.56039312322,2.2737367544323206e-13,11345.563444543204,1961.5973105166686,1787.8730595185182,weekly
2025-03-06,47498.525932305405,0.0,1.2516920833149925e-12,47498.525932305405,2.8421709430404007e-13,6972.620068153563,1787.8730595185182,1772.2733980597222,weekly
2025-03-07,18072.596472509344,0.0,2.350759586988715e-13,18072.596472509344,5.684341886080802e-14,10413.016248308437,1772.2733980597222,2048.8917064060997,weekly
2025-03-08,17618.10443068647,0.0,5.692299964721315e-13,17618.10443068647,2.2737367544323206e-13,10918.19608471554,2048.8917064060997,2254.8968025013965,weekly
2025-03-09,46666.16158043829,0.0,4.798721420229413e-13,46666.16158043829,1.1368683772161603e-13,8296.741976294918,2254.8968025013965,2030.688307917462,weekly
2025-03-10,45581.08421219097,0.0,1.3117826824782243e-12,45581.08421219097,4.192202140984591e-13,1801.9796781551245,2030.688307917462,1908.7824623713927,weekly
2025-03-11,45786.336217768796,0.0,1.4716192708874585e-12,45786.336217768796,4.547473508864641e-13,6809.861208971816,1908.7824623713927,2030.7807109687137,weekly
2025-03-12,44545.45170044964,0.0,0.0,44545.45170044964,0.0,7071.951293803739,2030.7807109687137,1479.7473596076381,weekly
2025-03-13,43055.1089459971,0.0,8755.711708188237,51810.820654185336,1530.047527293706,835.4684674805601,1479.7473596076381,1513.9014974814822,weekly
2025-03-14,16230.267657979857,0.0,2.0687230246644262e-12,16230.267657979859,7.03539091269573e-13,11382.528634510192,1513.9014974814822,2084.9512000612385,weekly
2025-03-15,16482.318667734908,0.0,7.793801160005387e-13,16482.318667734908,3.410605131648481e-13,7808.867242878141,2084.9512000612385,1742.7834232592597,weekly
2025-03-16,43934.93243697057,0.0,7.46118000000083,43942.39361697057,1.6400000000001747,5244.178077414084,1742.7834232592597,1328.8505868321943,weekly
2025-03-17,43421.12262920703,0.0,1.1303882274660281e-12,43421.12262920703,2.8421709430404007e-13,9250.838995996295,1328.8505868321943,2073.363548090211,weekly
2025-03-18,41160.19765454576,0.0,1.9498429537634365e-12,41160.19765454576,5.684341886080801e-13,2879.5283686024795,2073.363548090211,1643.7300899342554,weekly
2025-03-19,43344.23952350469,0.0,4.855564839090221e-13,43344.23952350469,2.2737367544323206e-13,6924.262055525292,1643.7300899342554,2065.6319343476953,weekly
2025-03-20,43572.91506385205,0.0,1.5346586224040946e-12,43572.91506385205,5.684341886080801e-13,4606.25852925767,2065.6319343476953,2156.1851378570373,weekly
2025-03-21,16138.715463614073,0.0,5.215952128355795e-13,16138.715463614073,2.400807891790417e-13,16055.834059056095,2156.1851378570373,1947.9990115925925,weekly
2025-03-22,16549.07319921726,0.0,4.7521095626536657e-14,16549.07319921726,1.6650699238450126e-14,12229.657433982145,1947.9990115925925,2639.3898579090805,weekly
2025-03-23,43083.73185740185,0.0,34.4732854634385,43118.205142865285,4.941698030883018,9008.738622755194,2639.3898579090805,1829.354782481481,weekly
2025-03-24,40769.010449509566,0.0,6.574509825441055e-13,40769.010449509566,1.7053025658242404e-13,5154.632507924867,1829.354782481481,2093.679071459275,weekly
2025-03-25,40619.99896542933,0.0,1.5400516417685141e-12,40619.99896542933,3.552713678800501e-13,2610.712504494588,2093.679071459275,1533.0729703188783,weekly
2025-03-26,41988.54594320399,0.0,1.3973249224363827e-12,41988.54594320399,4.547473508864641e-13,10301.866986826448,1533.0729703188783,1512.742711193316,weekly
2025-03-27,41612.630690169586,0.0,1.903259772007004e-12,41612.630690169586,8.242295734817162e-13,6087.492690095962,1512.742711193316,1579.3229670363016,weekly
2025-03-28,15430.17795043944,0.0,1.0787744031404146e-12,15430.177950439442,4.547473508864641e-13,15352.671956009923,1579.3229670363016,2397.9013493703687,weekly
2025-03-29,14927.236125227042,0.0,8.597282885602909e-13,14927.236125227042,3.694822225952521e-13,18842.569529120527,2397.9013493703687,2082.3400464724236,weekly
2025-03-30,40724.04457368748,0.0,5.707647687813733e-13,40724.04457368748,1.7053025658242404e-13,8299.506738260072,2082.3400464724236,2081.343659761564,weekly
2025-03-31,38270.303842656285,0.0,1142.4609166874532,39412.764759343736,163.77020021322477,3236.6647144324065,2081.343659761564,1804.9862013703705,weekly
2025-04-01,41188.14748742434,0.0,0.0,41188.14748742434,0.0,3941.697191861252,1804.9862013703705,2122.3624082280608,weekly
2025-04-02,38665.55812911692,0.0,6533.207462084352,45198.76559120127,1321.9088457707892,1352.3774297415698,2122.3624082280608,1994.8914796774332,weekly
2025-04-03,40222.031310262886,0.0,7.124469902919373e-13,40222.031310262886,2.8421709430404007e-13,7316.437671757023,1994.8914796774332,1856.3041546902523,weekly
2025-04-04,14846.7103011516,0.0,0.0,14846.7103011516,0.0,19606.204294097297,1856.3041546902523,2165.8684194642738,weekly
2025-04-05,15003.526086381313,0.0,1.8872011924378225e-14,15003.526086381313,6.612477899221522e-15,14773.027009200272,2165.8684194642738,1955.3840185319993,weekly
2025-04-06,39230.43366193553,0.0,7.180176453402964e-13,39230.43366193553,2.8421709430404007e-13,7546.69163524014,1955.3840185319993,1800.1767783686232,weekly
2025-04-07,38322.71986946704,0.0,4.759357352668303e-13,38322.71986946704,1.9895196601282805e-13,7281.256782212778,1800.1767783686232,1735.1937548895628,weekly
2025-04-08,38563.99798630086,0.0,513.4415136625678,39077.43949996343,104.15123741747666,6473.710088190035,1735.1937548895628,1486.1008328542962,weekly
2025-04-09,38955.20461908555,0.0,4.15550971410994e-12,38955.204619085554,1.3073986337985843e-12,1838.173497685369,1486.1008328542962,1833.78627786281,weekly
2025-04-10,38940.244798651096,0.0,3.3995917192441993e-13,38940.244798651096,7.105427357601002e-14,7372.690882024066,1833.78627786281,1716.349201474479,weekly
2025-04-11,14470.212882320375,0.0,0.0,14470.212882320375,0.0,20487.67172366055,1716.349201474479,1878.71461889921,weekly
2025-04-12,14430.938784246122,0.0,1.384421466354979e-13,14430.938784246122,2.842170943040401e-14,16445.421875008044,1878.71461889921,2272.0777483400357,weekly
2025-04-13,37385.680359867125,0.0,404.7658321290172,37790.44619199614,61.41325255576521,5770.881549098055,2272.0777483400357,1598.4898059999998,weekly
2025-04-14,37077.228663225236,0.0,2.9743867416458043e-13,37077.228663225236,1.1740438401195222e-13,6400.221633875897,1598.4898059999998,1777.6395145070946,weekly
2025-04-15,38241.44124222951,0.0,3.3412845823477257e-12,38241.44124222951,8.739675649849232e-13,10071.31218583863,1777.6395145070946,2206.877553449532,weekly
2025-04-16,37477.571560047116,0.0,2.1232793301351193e-12,37477.571560047116,5.329070518200751e-13,3955.410958141208,2206.877553449532,1915.079731668368,weekly
2025-04-17,37415.27337955359,0.0,5.118243210491461e-13,37415.27337955359,2.336703455783993e-13,5928.454841678265,1915.079731668368,1911.9785521715976,weekly
2025-04-18,14158.88611168784,0.0,0.0,14158.88611168784,0.0,18653.178611745614,1911.9785521715976,2402.8216921500893,weekly
2025-04-19,13563.853345173646,0.0,6.878053441600412e-14,13563.853345173646,2.4099696711984628e-14,17777.368878305308,2402.8216921500893,2152.893717113305,weekly
2025-04-20,36834.86308299486,0.0,1.065039149130102e-12,36834.86308299486,2.387170949330825e-13,6173.665701315865,2152.893717113305,2085.6619562876613,weekly
2025-04-21,36457.15301860413,0.0,0.0,36457.15301860413,0.0,9613.200780127569,2085.6619562876613,1767.9311204422277,weekly
2025-04-22,34941.354207087694,0.0,1.5946213238748899e-12,34941.354207087694,5.897504706808832e-13,2345.2530356697644,1767.9311204422277,1730.5020803034206,weekly
2025-04-23,37075.97764738098,0.0,1.498715930538118e-12,37075.97764738098,3.993901411171062e-13,6886.476184387035,1730.5020803034206,2448.8296267455717,weekly
2025-04-24,35936.512304024356,0.0,2.1233290681266225e-12,35936.512304024356,6.821210263296962e-13,10453.056769323717,2448.8296267455717,1999.2558276595357,weekly
2025-04-25,12774.539918513003,0.0,0.0,12774.539918513003,0.0,21834.568986000333,1999.2558276595357,1710.7001804805807,weekly
2025-04-26,13060.095964748974,0.0,0.0,13060.095964748974,0.0,23860.385094281977,1710.7001804805807,1742.1465837813068,weekly
2025-04-27,34126.83875513314,0.0,2315.512578239305,36442.35133337245,331.9255416054053,5858.74258640495,1742.1465837813068,1528.607203962963,weekly
2025-04-28,34717.183040439595,0.0,18165.8385213469,52883.021561786496,2688.510111484778,577.6213375647617,1528.607203962963,1688.7562872962956,weekly
2025-04-29,36045.725524537724,0.0,2.273243264599955e-12,36045.725524537724,4.834832841293111e-13,9542.972517833294,1688.7562872962956,2068.114270558557,weekly
2025-04-30,35082.6099680231,0.0,0.0,35082.6099680231,0.0,7490.332630125245,2068.114270558557,1557.0904776786822,weekly
2025-05-01,34293.414895577094,0.0,10266.20747157528,44559.62236715238,1978.1330200070845,4565.675583927268,1557.0904776786822,1210.8405010000001,weekly
2025-05-02,15582.703053748071,0.0,785.1053628378203,16367.80841658589,131.33071736759166,12566.370416376914,1210.8405010000001,1405.243051925926,weekly
2025-05-03,13751.171470811441,0.0,6771.597788872152,20522.76925968359,1234.0922350709318,17616.189589110876,1405.243051925926,1259.3682319259262,weekly
2025-05-04,36448.750535283034,0.0,8616.709002642167,45065.4595379252,1657.7782954176698,8575.945416284836,1259.3682319259262,1238.5035010000001,weekly
2025-05-05,36487.29508467918,0.0,8516.812161280659,45004.107245959836,1539.0123506685677,4647.188514592261,1238.5035010000001,1215.514501,weekly
2025-05-06,37076.53413690735,0.0,1457.153255381124,38533.68739228848,420.0840959802833,5116.253757637755,1215.514501,1200.000001,weekly
2025-05-07,35504.96728351828,0.0,16568.98943067956,52073.95671419784,2755.5807120919253,4557.123042922423,1200.000001,1286.598151,weekly
2025-05-08,39793.73565190182,0.0,243.22893262500264,40036.964584526824,35.99925000000069,2418.659215187159,1286.598151,3237.6988361891927,weekly
2025-05-09,16385.875926244982,0.0,6.961329290788854e-13,16385.875926244982,1.4210854715202004e-13,17689.37499224785,3237.6988361891927,3854.7629969420973,weekly
2025-05-10,16188.261111273952,0.0,5.099245470319147e-13,16188.261111273952,9.237055564881302e-14,14460.946331862533,3854.7629969420973,3430.142901258023,weekly
2025-05-11,41104.9137447136,0.0,185.80697583333296,41290.72072054693,27.56166666666661,7026.212016067951,3430.142901258023,3599.2657820177924,weekly
2025-05-12,39974.2151919718,0.0,5.547917680814862e-13,39974.2151919718,1.1368683772161603e-13,9866.803121762125,3599.2657820177924,3473.723399665349,weekly
2025-05-13,39298.35775792818,0.0,8.460844492856974e-13,39298.35775792818,3.4390268478551485e-13,6997.014623283578,3473.723399665349,3468.4604183486867,weekly
2025-05-14,39399.84463569211,0.0,1.0295906349711003e-12,39399.84463569211,3.126388037344441e-13,7257.247799059793,3468.4604183486867,3351.5045459412804,weekly
2025-05-15,38675.38829822298,0.0,1.0652172477421118e-12,38675.38829822298,3.694822225952521e-13,5658.053557275588,3351.5045459412804,3692.39742638186,weekly
2025-05-16,15698.552321824522,0.0,3.5376501728023866e-13,15698.552321824522,5.684341886080802e-14,23590.028038699445,3692.39742638186,2975.433766327814,weekly
2025-05-17,15924.750645294367,0.0,5.610161224467447e-13,15924.750645294367,1.7053025658242404e-13,15596.593930827094,2975.433766327814,3115.6989453381007,weekly
2025-05-18,38457.99946341653,0.0,2.6500401872908696e-13,38457.99946341653,1.1368683772161603e-13,6775.902825045607,3115.6989453381007,2148.584150507847,weekly
2025-05-19,38169.85419574044,0.0,451.9039816666668,38621.75817740711,67.00333333333342,12975.828164092374,2148.584150507847,1565.8358228458858,weekly
2025-05-20,37804.92959962792,0.0,1.930104076564021e-12,37804.92959962792,5.258016244624741e-13,4511.283308301308,1565.8358228458858,1506.4443027181583,weekly
2025-05-21,38773.59528945405,0.0,9.52006473653455e-13,38773.59528945405,2.1316282072803006e-13,9428.615880402258,1506.4443027181583,1750.4256547551981,weekly
2025-05-22,37807.15824896287,0.0,17.333365000000175,37824.49161396287,2.57000000000011,8101.695540619925,1750.4256547551981,2024.016715612603,weekly
2025-05-23,15305.20602292116,0.0,0.0,15305.20602292116,0.0,19120.548196811033,2024.016715612603,2657.3544325744842,weekly
2025-05-24,15030.270470563037,0.0,0.0,15030.270470563037,0.0,21986.12522081661,2657.3544325744842,2471.409918922271,weekly
2025-05-25,36749.84906488683,0.0,87.43890456809504,36837.28796945493,18.739585205335516,9771.288717904674,2471.409918922271,1803.153769333333,weekly
2025-05-26,35898.87826621988,0.0,7.206892860267544e-13,35898.87826621988,3.126388037344441e-13,1077.4915676549108,1803.153769333333,1750.170684489442,weekly
2025-05-27,37287.687301625796,0.0,7.628102594026131e-13,37287.687301625796,1.7053025658242404e-13,9537.809558494093,1750.170684489442,1867.626291290013,weekly
2025-05-28,37946.248270244934,0.0,5.378524292609654e-13,37946.248270244934,1.1368683772161603e-13,4221.102535904223,1867.626291290013,3453.8788525486048,weekly
2025-05-29,37437.18327141429,0.0,74.92722051500893,37512.1104919293,11.14573752547551,3502.1059917026882,3453.8788525486048,2957.461010232524,weekly
2025-05-30,15637.66788902751,0.0,0.0,15637.66788902751,0.0,18658.70206305437,2957.461010232524,3495.5944084453745,weekly
2025-05-31,15381.794554876713,0.0,8.403944207202585e-15,15381.794554876713,1.7763568394002505e-15,16538.587204525647,3495.5944084453745,3684.3960679366446,weekly
2025-06-01,38435.74119605059,0.0,58655.633331701814,97091.3745277524,9507.126235418848,57.420805902055235,3684.3960679366446,1202.3760009999999,weekly
2025-06-02,39489.80548863998,0.0,48571.294460914185,88061.09994955416,8061.302433602825,1589.140627316387,1202.3760009999999,1242.9525009999998,weekly
2025-06-03,45055.911242922215,0.0,4633.946337317988,49689.857580240205,1093.4610852665437,1556.154518593952,1242.9525009999998,1200.000001,weekly
2025-06-04,44890.47605358116,0.0,16057.325686781003,60947.80174036216,3108.7647619007557,4172.929524776331,1200.000001,1200.0000009999999,weekly
2025-06-05,47307.98962523522,0.0,3865.0616443767813,51173.051269612,765.2932290307172,1871.51739155414,1200.0000009999999,1200.0000009999999,weekly
2025-06-06,19050.29095177303,0.0,15353.181257214901,34403.47220898793,2318.1583282714228,2997.105632604475,1200.0000009999999,1329.6422722962966,weekly
2025-06-07,20050.01035797339,0.0,5418.277041127608,25468.287399101,784.1255576139849,2676.230643860308,1329.6422722962966,1583.844696370371,weekly
2025-06-08,58028.90036346702,0.0,24.423553791102798,58053.32391725812,3.614823324369638,21179.680258943,1583.844696370371,2962.35512678242,weekly
2025-06-09,54502.582485460545,0.0,211.27739249999922,54713.859877960545,31.371666666666556,10929.173343598219,2962.35512678242,2886.7540289333656,weekly
2025-06-10,54932.93088257765,0.0,163.95237311610217,55096.883255693756,24.265873324369473,10531.697253558868,2886.7540289333656,2793.0456634900715,weekly
2025-06-11,55703.259096281276,0.0,118.6279283333346,55821.88702461461,17.596666666666998,6853.968014425998,2793.0456634900715,3106.654950217616,weekly
2025-06-12,57564.4917546682,0.0,1.06930997390009e-12,57564.4917546682,2.5579538487363607e-13,12932.624472762207,3106.654950217616,3537.6536764326634,weekly
2025-06-13,24754.1463916324,0.0,1.8620839476195163e-12,24754.146391632403,4.793674273717921e-13,10457.150070721249,3537.6536764326634,3669.258194727285,weekly
2025-06-14,25038.88157378578,0.0,2.474394023010973e-13,25038.88157378578,1.1368683772161603e-13,14052.494185153026,3669.258194727285,3249.0828287530585,weekly
2025-06-15,57075.006731512585,0.0,7.164544513216242e-13,57075.006731512585,2.8421709430404007e-13,14297.972528853652,3249.0828287530585,3388.801453099295,weekly
2025-06-16,56405.5642499406,0.0,115.34262125776951,56520.90687119837,17.07135665770291,11316.940649743607,3388.801453099295,3342.7838650027907,weekly
2025-06-17,56058.18949405357,0.0,347.1423066666674,56405.33180072024,51.493333333333624,9621.331191834346,3342.7838650027907,2943.1041876874397,weekly
2025-06-18,57768.63110545681,0.0,4.5656634029001e-13,57768.63110545681,1.1368683772161603e-13,15318.45240369756,2943.1041876874397,3216.884487054106,weekly
2025-06-19,56719.060341702105,0.0,424.09547350845344,57143.15581521056,62.940269271122446,16501.40587332801,3216.884487054106,3055.6598491753516,weekly
2025-06-20,21681.34384529791,0.0,0.0,21681.34384529791,0.0,12373.081064856106,3055.6598491753516,2854.5734041632013,weekly
2025-06-21,21517.362897667423,0.0,1.3112526156634014e-12,21517.362897667423,3.5242919625938333e-13,14161.749012299062,2854.5734041632013,3481.3876006409773,weekly
2025-06-22,50156.90915428223,0.0,375.28842727500114,50532.19758155723,55.72545000000042,9489.914195186535,3481.3876006409773,2302.92985964291,weekly
2025-06-23,50726.13764625979,0.0,7.531752999057062e-13,50726.13764625979,1.7053025658242404e-13,10162.49521534377,2302.92985964291,2113.631722546612,weekly
2025-06-24,49415.64537205504,0.0,13966.042969303013,63381.68834135805,2640.897894772047,903.5804836318865,2113.631722546612,2029.9087660000005,weekly
2025-06-25,55539.971527973175,0.0,8.213716256623428e-13,55539.971527973175,2.9151897909529545e-13,10740.708716477375,2029.9087660000005,4451.3260818092585,weekly
2025-06-26,50708.58492332463,0.0,107.0474779123343,50815.632401236966,15.874512666666842,10784.529480020585,4451.3260818092585,2200.7116953296295,weekly
2025-06-27,20746.108600929238,0.0,2.2378685571311507e-12,20746.10860092924,4.547473508864641e-13,11707.755516392994,2200.7116953296295,3572.955294725927,weekly
2025-06-28,19935.771738551193,0.0,1.5140813022658766e-12,19935.771738551193,6.023928524647977e-13,10420.779455964546,3572.955294725927,3115.523217047003,weekly
2025-06-29,49063.47841865674,0.0,27.112890000001496,49090.591308656745,4.020000000000559,5583.470571677862,3115.523217047003,2660.943008036261,weekly
2025-06-30,49933.409387000676,0.0,361.7154868541677,50295.124873854846,53.68360416666695,5678.128772957254,2660.943008036261,2320.7406650574067,weekly
2025-07-01,50625.681467696224,0.0,18680.983024458277,69306.6644921545,3811.807123600001,2433.961765771606,2320.7406650574067,1200.0000009999999,weekly
2025-07-02,48978.80969509837,0.0,17847.544775187256,66826.35447028562,3452.4911885283313,5273.595547761193,1200.0000009999999,1200.0000009999999,weekly
2025-07-03,50172.02496739904,0.0,25189.2227984903,75361.24776588933,4311.84934818866,206.45726666666832,1200.0000009999999,1243.119286,weekly
2025-07-04,21989.05410232505,0.0,15622.147398205641,37611.20150053069,3530.516362175004,9800.749752222224,1243.119286,1200.0000009999999,weekly
2025-07-05,24331.37651711268,0.0,4913.203384955048,29244.57990206773,704.3009439442443,10792.19935340286,1200.0000009999999,1451.6803236111114,weekly
2025-07-06,49497.37325727781,0.0,33032.918815024386,82530.2920723022,5480.710903209074,537.080056833335,1451.6803236111114,1200.000001,weekly
2025-07-07,51772.48124927872,0.0,1952.7809864012156,53725.26223567993,383.1279876400012,4893.415286135456,1200.000001,1517.3927524814821,weekly
2025-07-08,62418.84583235388,0.0,3.9216274672071445e-13,62418.84583235388,1.1368683772161603e-13,13861.670937292623,1517.3927524814821,4566.781305777016,ridge
2025-07-09,60629.120212924725,0.0,4.610853920894442e-13,60629.120212924725,1.7053025658242404e-13,14568.088549785269,4566.781305777016,4893.660151722787,ridge
2025-07-10,60436.05261572222,0.0,2.0332606709416723e-12,60436.05261572222,3.979039320256561e-13,15965.174267803892,4893.660151722787,4624.568806566686,ridge
2025-07-11,37755.93925932786,0.0,2.4630253392388114e-13,37755.93925932786,1.1368683772161603e-13,20643.166290727113,4624.568806566686,7594.458815944147,ridge
2025-07-12,29952.44401928882,0.0,0.0,29952.44401928882,0.0,16154.77457285149,7594.458815944147,4503.954443824073,weekly
2025-07-13,60170.66937008291,0.0,6.865548130008392e-13,60170.66937008291,1.7053025658242404e-13,19440.30455876758,4503.954443824073,4815.646785809258,weekly
2025-07-14,58504.71689918764,0.0,1.5273542430804807e-12,58504.71689918764,5.684341886080801e-13,15083.416519975315,4815.646785809258,4684.980902601853,weekly
2025-07-15,58018.574701390105,0.0,8.790834726823959e-13,58018.574701390105,2.8421709430404007e-13,12416.904919164434,4684.980902601853,5221.000103703704,weekly
2025-07-16,52518.7884155043,0.0,1.1580709724512417e-12,52518.7884155043,2.8421709430404007e-13,9081.280324106265,5221.000103703704,2467.301928031483,weekly
2025-07-17,53059.89831027672,0.0,198.5601346083356,53258.45844488506,29.38801666666717,7224.740953180868,2467.301928031483,2295.8848973626896,weekly
2025-07-18,26713.676366855154,0.0,6.444764721891261e-13,26713.676366855154,2.5579538487363607e-13,10677.424736916384,2295.8848973626896,2633.225217398454,weekly
2025-07-19,26369.94606851346,0.0,0.0,26369.94606851346,0.0,14954.2202556148,2633.225217398454,2219.386108098338,weekly
2025-07-20,53894.87023882217,0.0,42.230337434715814,53937.10057625689,6.261448207386138,8619.922880197453,2219.386108098338,2519.776845724566,weekly
2025-07-21,54042.68880942067,0.0,193.6100437333355,54236.29885315401,27.75373333333397,6244.080445946698,2519.776845724566,3023.854475585183,weekly
2025-07-22,53809.767848701784,0.0,21.313656533335028,53831.08150523512,3.0552833333338185,7524.525117768868,3023.854475585183,2264.71577542037,weekly
2025-07-23,53626.56854508609,0.0,145.79578624670447,53772.36433133279,21.637528160413886,6672.9488640345,2264.71577542037,2094.7008772292857,ridge
2025-07-24,53704.32623005793,0.0,230.41969032255963,53934.74592038049,34.181826186405544,6769.422076365392,2094.7008772292857,2667.2979039836355,ridge
2025-07-25,31768.640808095868,0.0,0.0,31768.640808095868,0.0,20671.254132291673,2667.2979039836355,5212.236039519993,ridge
2025-07-26,25410.31203067172,0.0,9.083578333957121e-13,25410.31203067172,2.2737367544323206e-13,12877.090558164291,5212.236039519993,2786.0611246462995,weekly
2025-07-27,53912.74461807893,0.0,477.37938645833356,54390.12400453726,70.89915833333347,7279.185604561102,2786.0611246462995,2700.202485201853,weekly
2025-07-28,54087.10229579271,0.0,40.27590583333418,54127.378201626045,5.971666666666863,3821.3414492016436,2700.202485201853,2353.043958351852,weekly
2025-07-29,55975.629503108124,0.0,777.6188431191679,56753.248346227294,115.330651666667,7656.855557882493,2353.043958351852,2808.657153350003,weekly
2025-07-30,56057.92201627371,0.0,5.388258728089568e-13,56057.92201627371,1.3500311979441904e-13,10281.617455024218,2808.657153350003,3027.454312424072,weekly
2025-07-31,53744.49611640262,0.0,349.38260001833214,54093.87871642095,51.42164599999987,7192.286348045114,3027.454312424072,2220.838044583332,weekly
2025-08-01,25164.095528189206,0.0,0.0,25164.095528189206,0.0,18554.514189746547,2220.838044583332,2310.646480073838,weekly
2025-08-02,24791.206506791765,0.0,3.409020660026648e-13,24791.206506791765,8.384404417494454e-14,18042.766387608393,2310.646480073838,2486.974836579609,weekly
2025-08-03,50172.381218839895,0.0,709.786366847537,50882.167585687435,105.23077630599698,14282.415613475605,2486.974836579609,1580.3960325945036,weekly
2025-08-04,49055.134544137196,0.0,381.98553333333416,49437.12007747053,56.733333333333604,8245.21713950321,1580.3960325945036,2256.060680910547,weekly
2025-08-05,48545.01838121336,0.0,0.0,48545.01838121336,0.0,7907.847693039886,2256.060680910547,2467.158898602469,weekly
2025-08-06,48028.24610112948,0.0,2547.742342821181,50575.988443950664,365.21535877597216,5221.907563246657,2467.158898602469,1620.2968271904763,weekly
2025-08-07,49420.30624067469,0.0,5.712763595511205e-13,49420.30624067469,2.2737367544323206e-13,9945.678147152219,1620.2968271904763,2355.833897325094,weekly
2025-08-08,24961.861672422467,0.0,0.0,24961.861672422467,0.0,23373.490232231743,2355.833897325094,2471.3436362843813,weekly
2025-08-09,24096.291517137903,0.0,2.494857653800864e-13,24096.291517137903,1.1368683772161603e-13,19175.12361806378,2471.3436362843813,2035.864436740743,weekly
2025-08-10,48026.341185515565,0.0,173.77204250000065,48200.113228015565,25.7650000000001,5791.248244714739,2035.864436740743,2784.6939822962954,weekly
2025-08-11,47742.85617216155,0.0,745.4825451638334,48488.33871732538,109.54476216666706,7788.068779548265,2784.6939822962954,2174.8997715555556,weekly
2025-08-12,46747.65392403803,0.0,7125.220959001057,53872.87488303908,1033.5461945533657,3566.035414441792,2174.8997715555556,2261.6248698435747,weekly
2025-08-13,49229.0976900173,0.0,1242.04470074875,50471.14239076605,184.26303983333352,8724.402234766638,2261.6248698435747,2454.1424832222215,weekly
2025-08-14,49441.618990395495,0.0,941.35626475675,50382.97525515225,136.8991911666667,9485.652437916058,2454.1424832222215,2166.1201766388876,weekly
2025-08-15,23932.38191962973,0.0,3.991402763858787e-13,23932.38191962973,8.526512829121202e-14,20717.328068595845,2166.1201766388876,2310.6859896703763,weekly
2025-08-16,23868.42972710226,0.0,2.6042812351079193e-13,23868.42972710226,5.684341886080802e-14,21091.598918648153,2310.6859896703763,2287.93440377963,weekly
2025-08-17,48250.056255824034,0.0,1297.4788425310624,49547.535098355096,192.5703268104121,10080.19157289887,2287.93440377963,2278.02315060789,weekly
2025-08-18,48102.12083774811,0.0,978.1107429672521,49080.231580715365,144.35864316666704,8011.920180574361,2278.02315060789,2565.2489001789727,weekly
2025-08-19,48426.08874797499,0.0,366.94481341783614,48793.033561392826,54.353551833333995,8940.185636058108,2565.2489001789727,2242.721181925927,weekly
2025-08-20,47653.049962656565,0.0,3540.994726922585,51194.044689579154,639.1132900243975,1199.7688194838474,2242.721181925927,1739.4701476666662,weekly
2025-08-21,50573.683287475455,0.0,87.13893999999998,50660.82222747545,12.920000000000073,9576.960272083797,1739.4701476666662,2504.528740074071,weekly
2025-08-22,24108.05899298573,0.0,1302.3522183172634,25410.411211302995,186.6903982679563,18011.91056667127,2504.528740074071,1874.4789558148148,weekly
2025-08-23,24477.137270434047,0.0,0.0,24477.137270434047,0.0,16262.998707661805,1874.4789558148148,2164.435310020587,weekly
2025-08-24,49354.64466703156,0.0,210.36414000000124,49565.00880703156,31.206666666667047,9951.351945855691,2164.435310020587,2508.580561399454,weekly
2025-08-25,49045.09606348298,0.0,2626.6637165276397,51671.75978001062,380.22888593195364,3457.631691492208,2508.580561399454,1978.1800404444443,weekly
2025-08-26,50594.0936873209,0.0,111.49614943166819,50705.589836752566,16.040310000000545,9923.050227276442,1978.1800404444443,2817.0386624982557,weekly
2025-08-27,48975.6197635937,0.0,405.9287011916665,49381.54846478537,58.56786666666679,6172.374745061736,2817.0386624982557,1982.1986469662709,weekly
2025-08-28,49873.377847697346,0.0,862.5531935433144,50735.93104124066,127.94120866967386,4314.631757480627,1982.1986469662709,1794.07597371406,weekly
2025-08-29,25385.334532934707,0.0,7.184155492723221e-13,25385.334532934707,1.4210854715202004e-13,17168.72883098176,1794.07597371406,2327.007823690058,weekly
2025-08-30,24853.79775795665,0.0,5.571791916736401e-13,24853.79775795665,1.1368683772161603e-13,21308.12993183767,2327.007823690058,1998.294446352164,weekly
2025-08-31,50842.972670462026,0.0,167.98134169166642,51010.95401215369,24.86218333333352,8359.417389500002,1998.294446352164,2581.686953037036,weekly
2025-09-01,50352.520564771,0.0,3.9096903492463753e-13,50352.520564771,1.7053025658242404e-13,18053.944747175345,2581.686953037036,6248.621419888888,weekly
2025-09-02,48186.2105397115,0.0,2.432329893053975e-13,48186.2105397115,1.1368683772161603e-13,17660.031426872432,6248.621419888888,5806.81375859259,weekly
2025-09-03,47762.95278217685,0.0,4.86465978610795e-13,47762.95278217685,2.2737367544323206e-13,15381.083295467215,5806.81375859259,6008.990518222222,weekly
2025-09-04,48295.91249767478,0.0,4.997104952053633e-13,48295.91249767478,1.1368683772161603e-13,17829.898850848112,6008.990518222222,5772.129275259257,weekly
2025-09-05,23316.95347029786,0.0,0.0,23316.95347029786,0.0,28104.71431418487,5772.129275259257,5970.377835296295,weekly
2025-09-06,22946.872783165338,0.0,3.5700509215530474e-13,22946.872783165338,5.684341886080802e-14,26276.392178823706,5970.377835296295,6524.595625481476,weekly
2025-09-07,45156.970148379754,0.0,9.538325684843586e-13,45156.970148379754,3.410605131648481e-13,12094.203871056367,6524.595625481476,5155.481942296296,weekly
2025-09-08,33016.18688279437,0.0,31880.262781227342,64896.44966402171,5165.594820972766,21.5080152924401,5155.481942296296,1200.000001,ridge
2025-09-09,36876.56910376332,0.0,13863.322556242798,50739.89166000612,2462.024954467096,6169.06194159782,1200.000001,1200.000001,ridge
2025-09-10,41315.60623315036,0.0,1491.4617731397298,42807.068006290094,300.58058789983244,705.0048659835413,1200.000001,1385.0257328518512,weekly
2025-09-11,42370.27491348762,0.0,1.871626409410965e-12,42370.27491348762,5.115907697472721e-13,10658.240293830295,1385.0257328518512,1869.0501293333355,weekly
2025-09-12,18537.14225327204,0.0,1.6711959046440336e-14,18537.14225327204,5.855626855795493e-15,18207.321808310702,1869.0501293333355,2187.017403777777,weekly
2025-09-13,18391.60985754199,0.0,8.810729933928451e-13,18391.60985754199,1.8562742285671043e-13,22145.7461405391,2187.017403777777,2025.6931552999984,weekly
2025-09-14,41318.122624857744,0.0,2.2281483325059526e-12,41318.122624857744,6.536993168992922e-13,2432.43265098765,2025.6931552999984,1297.1513866944454,weekly
2025-09-15,43106.17971134246,0.0,220.2152188860005,43326.39493022846,31.607777666666834,10208.215879184932,1297.1513866944454,1727.5579732222222,weekly
2025-09-16,42636.39741386217,0.0,52.68468066666907,42689.08209452884,7.837066666667397,5403.606107588259,1727.5579732222222,1297.796778272416,weekly
2025-09-17,42946.85553922978,0.0,1.9895864822457813e-12,42946.85553922978,6.188305906796492e-13,5038.996667076417,1297.796778272416,1502.6749960494874,weekly
2025-09-18,42819.968890239965,0.0,786.2278333545117,43606.196723594476,112.704677946461,5847.584303182172,1502.6749960494874,1513.8834035925922,weekly
2025-09-19,19115.493018547026,0.0,3.6384051327331687e-13,19115.493018547026,1.4210854715202004e-13,14263.57677489535,1513.8834035925922,2320.0104578518535,weekly
2025-09-20,17865.023945902743,0.0,2.426645551167894e-13,17865.023945902743,1.1368683772161603e-13,14116.015748943892,2320.0104578518535,1654.998415934912,weekly
2025-09-21,45071.51424244652,0.0,1.5042189716041322e-12,45071.51424244652,5.115907697472721e-13,9755.914562071512,1654.998415934912,2061.054953065396,weekly
2025-09-22,44320.1722199767,0.0,6.749452295890315e-13,44320.1722199767,1.7162471124170312e-13,6683.132610728315,2061.054953065396,1735.358282695024,weekly
2025-09-23,45229.04821778648,0.0,2.3594566300744192e-12,45229.04821778648,5.684341886080801e-13,5878.698988574541,1735.358282695024,2119.0402048524284,weekly
2025-09-24,45406.39243124232,0.0,1.3719159142056014e-13,45406.39243124232,5.684341886080802e-14,6924.435596151136,2119.0402048524284,2310.018467787617,weekly
2025-09-25,45212.033126376424,0.0,4.73733052785974e-13,45212.033126376424,1.1368683772161603e-13,7789.809402147734,2310.018467787617,1769.0808508431717,weekly
2025-09-26,19452.13133372464,0.0,2.4283508537337185e-13,19452.13133372464,1.1368683772161603e-13,13760.052445618927,1769.0808508431717,2200.51294491725,weekly
2025-09-27,19223.25953785001,0.0,5.254037205304485e-13,19223.25953785001,1.1368683772161603e-13,14062.767808838922,2200.51294491725,1574.5188201024307,weekly
2025-09-28,46322.07763992621,0.0,39.56136916666765,46361.639009092876,5.8683333333336805,6006.415539654815,1574.5188201024307,1903.8067699172439,weekly
2025-09-29,46911.106495169675,0.0,134.73625666666777,47045.842751836346,26.015016666666988,7844.049798517256,1903.8067699172439,1766.7304988061333,weekly
2025-09-30,47404.941575300625,0.0,5.115904309340932e-14,47404.941575300625,1.1897451882188215e-14,4816.766230810046,1766.7304988061333,1966.1863154728017,weekly
2025-10-01,47023.861604705016,0.0,4.4587978296518893e-13,47023.861604705016,1.1633071892933056e-13,20036.30760140839,1966.1863154728017,3751.41691288021,weekly
2025-10-02,43425.364326566414,0.0,1.0709015896281927e-12,43425.364326566414,2.8421709430404007e-13,12574.96160173764,3751.41691288021,4212.034805657983,weekly
2025-10-03,17170.559586164796,0.0,3.4995650821656456e-13,17170.559586164796,5.684341886080802e-14,20470.55451486328,4212.034805657983,4042.112686805835,weekly
2025-10-04,18266.13562375537,0.0,0.0,18266.13562375537,0.0,16464.63957561444,4042.112686805835,4037.9267097320608,weekly
2025-10-05,41512.34212868002,0.0,0.0,41512.34212868002,0.0,8046.762915489343,4037.9267097320608,3486.042571740742,weekly
2025-10-06,42286.76007203115,0.0,1.0524203730710723e-12,42286.76007203115,4.050093593832571e-13,5283.224855671445,3486.042571740742,3393.4346469259262,weekly
2025-10-07,43154.6335474307,0.0,1.7762147308530982e-12,43154.6335474307,6.821210263296962e-13,6044.699804566328,3393.4346469259262,3881.692647296295,weekly
2025-10-08,39554.98331684159,0.0,1.95711891137762e-12,39554.98331684159,6.821210263296962e-13,5899.496212499682,3881.692647296295,1750.5406356944447,weekly
2025-10-09,40720.09116024363,0.0,195.45489350998963,40915.54605375362,34.086269999998336,6748.329844859333,1750.5406356944447,1740.6999895185186,weekly
2025-10-10,17022.418139654314,0.0,0.0,17022.418139654314,0.0,19423.139771588554,1740.6999895185186,2207.0011549822766,weekly
2025-10-11,17529.504331087126,0.0,2.689262146304827e-13,17529.504331087126,5.684341886080802e-14,15703.939887102077,2207.0011549822766,2529.332943651852,weekly
2025-10-12,41234.483491312494,0.0,98.035807733335,41332.51929904583,20.929933333333906,5071.662954879595,2529.332943651852,1744.6201632722236,weekly
2025-10-13,42494.777621598936,0.0,9.08501773485594e-13,42494.777621598936,2.318179895548396e-13,7558.957516913587,1744.6201632722236,1929.2329413703733,weekly
2025-10-14,41789.746445025085,0.0,8.836120373530067e-13,41789.746445025085,2.9442256568683583e-13,2895.605518590538,1929.2329413703733,1692.1361491481482,weekly
2025-10-15,42067.66714603675,0.0,2.9223130582067824e-12,42067.66714603675,1.0089706847793423e-12,1957.3200482068323,1692.1361491481482,1822.0368345185182,weekly
2025-10-16,43702.47075271174,0.0,3943.081278516234,47645.55203122798,565.2352750166621,4224.308639602264,1822.0368345185182,1630.0076417407404,weekly
2025-10-17,17548.006960920644,0.0,0.0,17548.006960920644,0.0,14044.738286811154,1630.0076417407404,1798.2550294590335,weekly
2025-10-18,17410.794580382957,0.0,4.320096086147651e-15,17410.794580382957,1.51369869872027e-15,13041.34610899898,1798.2550294590335,2235.886227977551,weekly
2025-10-19,43635.31863606331,0.0,1895.8653674019422,45531.184003465256,284.58837501229596,3583.7225305390994,2235.886227977551,1574.5235382222224,weekly
2025-10-20,44957.60902527229,0.0,164.6417424554839,45122.250767727775,33.05447495683093,3919.506605458848,1574.5235382222224,1601.54933927037,weekly
2025-10-21,45870.583454589345,0.0,5.622080578859823e-13,45870.583454589345,1.9539925233402755e-13,2950.24638714609,1601.54933927037,2152.274617666667,weekly
2025-10-22,46085.90524335073,0.0,5.300080374581739e-13,46085.90524335073,2.2737367544323206e-13,4758.171933438275,2152.274617666667,1852.303222666667,weekly
2025-10-23,46656.82090834071,0.0,0.0,46656.82090834071,0.0,7368.486786444445,1852.303222666667,1907.7807752592623,weekly
2025-10-24,17561.04932452235,0.0,152.7748198692671,17713.82414439162,36.309246571666,12205.838399477367,1907.7807752592623,1490.33363637037,weekly
2025-10-25,17583.11455847589,0.0,37.72468217264641,17620.839240648536,8.051367446942043,10937.195692704563,1490.33363637037,1593.7155267407404,weekly
2025-10-26,47156.05430408448,0.0,3.8050984585424885e-13,47156.05430408448,1.1368683772161603e-13,6663.577252887124,1593.7155267407404,2278.1930617407393,weekly
2025-10-27,46241.767274258316,0.0,92.48526773333359,46334.25254199165,19.744933333333393,7182.414841895067,2278.1930617407393,1945.2125959314803,weekly
2025-10-28,46266.86786653635,0.0,5.130118552187924e-13,46266.86786653635,1.7053025658242404e-13,4313.896711761319,1945.2125959314803,2018.7458900740742,weekly
2025-10-29,46143.48092154036,0.0,567.1957184962217,46710.67664003658,85.4524489386792,806.5592021543182,2018.7458900740742,1565.9146615555562,weekly
2025-10-30,47553.613446801246,0.0,17.058347333333835,47570.67179413458,3.6418333333335795,7577.278347493835,1565.9146615555562,1757.5128152592586,weekly
2025-10-31,18435.959205394218,0.0,2.9404395835797104e-14,18435.959205394218,1.0302871701400526e-14,7481.864444880246,1757.5128152592586,1906.8153924960402,weekly
2025-11-01,18956.485855618448,0.0,4.829416866414249e-13,18956.485855618448,2.2737367544323206e-13,9090.94325795762,1906.8153924960402,2205.2676332222254,weekly
2025-11-02,48558.4839717558,0.0,1.148814376961127e-14,48558.4839717558,2.6645352591003757e-15,5196.762847163686,2205.2676332222254,1573.4246791481482,weekly
2025-11-03,49863.76951106869,0.0,8.156462172337341e-13,49863.76951106869,3.410605131648481e-13,4929.984358788873,1573.4246791481482,2396.453793222221,weekly
2025-11-04,49212.365476217245,0.0,102.94440553333493,49315.30988175058,21.97788333333392,7258.738158771603,2396.453793222221,1815.6784910000006,weekly
2025-11-05,49446.2198149663,0.0,1.4580336937797255e-12,49446.2198149663,4.547473508864641e-13,4117.327613561734,1815.6784910000006,2427.1060654444454,weekly
2025-11-06,48655.4803368382,0.0,1.8689547687245066e-12,48655.4803368382,7.958078640513122e-13,2008.478630717194,2427.1060654444454,1898.6687562370848,weekly
2025-11-07,19643.507438570818,0.0,2.6853967938222925e-12,19643.50743857082,1.1368683772161603e-12,9236.954499409472,1898.6687562370848,2224.6988613703707,weekly
2025-11-08,18583.097768078842,0.0,5.487663656822406e-13,18583.097768078842,2.2737367544323206e-13,8321.635540263249,2224.6988613703707,2080.5548278518536,weekly
2025-11-09,50136.56271607629,0.0,2.9415332392090926e-12,50136.56271607629,9.094947017729282e-13,4126.633090596711,2080.5548278518536,1906.6060176666658,weekly
2025-11-10,50804.394437101044,0.0,1.832802354329033e-12,50804.394437101044,6.821210263296962e-13,2616.4231784413587,1906.6060176666658,1770.638175311163,weekly
2025-11-11,51529.65124646019,0.0,4.2825831769732757e-13,51529.65124646019,1.1368683772161603e-13,5674.898331393427,1770.638175311163,2009.8695480889342,weekly
2025-11-12,51785.793794182464,0.0,3.1224800522977603e-13,51785.793794182464,7.815970093361102e-14,6918.539078457211,2009.8695480889342,1921.516470651899,weekly
2025-11-13,51771.77100615921,0.0,9.41733813333284,51781.18834429254,2.0105333333332283,5314.259108198379,1921.516470651899,1917.151228592594,weekly
2025-11-14,19871.94557973029,0.0,0.0,19871.94557973029,0.0,5565.637533945041,1917.151228592594,2204.2388882222267,weekly
2025-11-15,19265.56336071912,0.0,1.884870926005533e-12,19265.563360719123,6.821210263296962e-13,4665.499083453481,2204.2388882222267,1824.5817493333318,weekly
2025-11-16,52080.96595511249,0.0,1.589341991348192e-12,52080.96595511249,6.821210263296962e-13,3767.8798712326984,1824.5817493333318,1673.6265966870426,weekly
2025-11-17,52983.11961748202,0.0,4.889670890406706e-13,52983.11961748202,2.2737367544323206e-13,6461.1110708121305,1673.6265966870426,1970.2945478518507,weekly
2025-11-18,52320.88961914674,0.0,1.0652954074430454e-12,52320.88961914674,3.481659405224491e-13,3587.590419048777,1970.2945478518507,1846.6979322962952,weekly
2025-11-19,52142.57605525335,0.0,6.301057499999959,52148.87711275335,1.384999999999991,2982.3838381116334,1846.6979322962952,1557.5382928018537,weekly
2025-11-20,52953.62368280608,0.0,7.72715225139109e-13,52953.62368280608,1.8474111129762605e-13,4424.870405686681,1557.5382928018537,1655.123437090742,weekly
2025-11-21,20429.43495657971,0.0,2.002195742534241e-12,20429.434956579713,5.684341886080801e-13,5276.793338947607,1655.123437090742,1990.9585499259256,weekly
2025-11-22,20614.880584261693,0.0,7.538201174384086e-13,20614.880584261693,1.509903313490213e-13,4724.001123365179,1990.9585499259256,2019.3489354444464,weekly
2025-11-23,53446.974191171554,0.0,0.0,53446.974191171554,0.0,4649.840793129642,2019.3489354444464,1972.0656986833337,weekly
2025-11-24,52398.379617770916,0.0,88.24499866666645,52486.624616437584,18.83966666666663,5253.058342776725,1972.0656986833337,1404.4530397037045,weekly
2025-11-25,53154.23853579401,0.0,8.333813639183063e-13,53154.23853579401,3.410605131648481e-13,3163.541739222436,1404.4530397037045,1931.7594707481508,weekly
2025-11-26,53961.78126836536,0.0,1.7323774000001977,53963.513645765364,0.3698500000000422,3556.6562062244084,1931.7594707481508,2364.15269414815,weekly
2025-11-27,53840.99864484269,0.0,0.0,53840.99864484269,0.0,4957.737370280278,2364.15269414815,2149.9685578518515,weekly
2025-11-28,21229.902590564147,0.0,1.046657871484058e-12,21229.902590564147,3.410605131648481e-13,5474.170824166545,2149.9685578518515,2025.9107140259266,weekly
2025-11-29,21739.072782101313,0.0,1.1955373427894634e-12,21739.072782101313,4.031643454412842e-13,2619.2591200410184,2025.9107140259266,1843.1746126129453,weekly
2025-11-30,56418.58822939556,0.0,28.398311333334632,56446.986540728896,6.062833333333742,3906.4453932802103,1843.1746126129453,1743.318825942291,weekly
2025-12-01,56229.06193679011,0.0,17551.40731002115,73780.46924681126,3617.932892784814,1174.7988011712407,1743.318825942291,1534.0295386534035,weekly
2025-12-02,57092.18333862823,0.0,19572.733114533978,76664.91645316221,4017.4640779202805,333.40518354159474,1534.0295386534035,1457.0524611508945,weekly
2025-12-03,58141.52921941152,0.0,8812.98626713732,66954.51548654883,1801.02381431179,415.7051133242219,1457.0524611508945,1609.6620275206997,weekly
2025-12-04,58315.843694333234,0.0,12983.086727853095,71298.93042218633,2633.283244879533,2624.13339286041,1609.6620275206997,1362.6405602917082,weekly
2025-12-05,24773.35138681709,0.0,2.6290791765859466e-12,24773.351386817092,8.952838470577262e-13,1295.6284905950106,1362.6405602917082,1677.9926491851827,weekly
2025-12-06,25579.52769586293,0.0,1.2749126199196327e-12,25579.52769586293,2.8421709430404007e-13,813.1356773681816,1677.9926491851827,1842.049065100902,weekly
2025-12-07,60870.096771182536,0.0,301.5915936408752,61171.688364823414,51.92245737124489,2796.6215370001646,1842.049065100902,1540.0996178516266,weekly
2025-12-08,65685.22468904214,0.0,2.3433376719096676e-12,65685.22468904214,6.469022637446004e-13,9004.456266702307,1540.0996178516266,2077.4672745185217,weekly
2025-12-09,66112.95593403143,0.0,1.7617508714894147e-12,66112.95593403143,3.94036555771346e-13,10058.972181744211,2077.4672745185217,2061.8257563703705,weekly
2025-12-10,64656.2829353116,0.0,3.8527590453911464e-12,64656.28293531161,9.82627905909625e-13,7825.674895401887,2061.8257563703705,1803.0946148888918,weekly
2025-12-11,66375.21170694042,0.0,1.525855377812468e-12,66375.21170694042,6.868393657641358e-13,11760.565021219481,1803.0946148888918,2175.1898476666684,weekly
2025-12-12,28842.415703000534,0.0,1.2815917216357775e-12,28842.415703000534,3.410605131648481e-13,6568.893299559698,2175.1898476666684,2156.5975848625053,weekly
2025-12-13,30002.49523377488,0.0,0.0,30002.49523377488,0.0,8639.52137484361,2156.5975848625053,2234.7027456826586,weekly
2025-12-14,66302.11374677128,0.0,7.888424852567355e-14,66302.11374677128,1.682684482202934e-14,9283.777597760421,2234.7027456826586,2040.7232887777789,weekly
2025-12-15,65522.28127357265,0.0,1.8925475136696845e-12,65522.28127357265,4.837516563542532e-13,7940.130347634662,2040.7232887777789,1804.220006058446,weekly
2025-12-16,66440.2901538679,0.0,2.1315446972584863e-12,66440.2901538679,6.858741818851349e-13,8313.257812323855,1804.220006058446,2064.172312087303,weekly
2025-12-17,66105.70964127184,0.0,8.227800663007656e-13,66105.70964127184,1.7053025658242404e-13,9740.75678850976,2064.172312087303,2028.1542749283174,weekly
2025-12-18,65201.619948106585,0.0,6.519995680506762e-13,65201.619948106585,1.367382227411562e-13,9167.380751915072,2028.1542749283174,1926.616299704202,weekly
2025-12-19,29815.35724256729,0.0,5.127830652229462e-13,29815.35724256729,2.351896465530327e-13,9013.424449045837,1926.616299704202,1971.9616385943236,weekly
2025-12-20,30573.445503341907,0.0,1.560152927530291e-13,30573.445503341907,4.547473576627277e-14,10106.457401012449,1971.9616385943236,2165.5969492122326,weekly
2025-12-21,66721.50930440458,0.0,5.450147000374272e-13,66721.50930440458,1.1368683772161603e-13,9009.813582244404,2165.5969492122326,2289.713362706492,weekly
2025-12-22,63759.3370147956,0.0,128.50922370000012,63887.8462384956,23.459150000000044,5471.687012092461,2289.713362706492,1925.850018444247,weekly
2025-12-23,63012.51866828741,0.0,1.5657519725209569e-12,63012.51866828741,4.547473508864641e-13,5743.118320566115,1925.850018444247,2093.061617481484,weekly
2025-12-24,62734.87600899056,0.0,228.2784076746755,62963.15441666524,39.30075022375424,5277.572598254352,2093.061617481484,1867.7315772962975,weekly
2025-12-25,62909.28007386737,0.0,2.641548962640378e-12,62909.28007386737,8.671788601869596e-13,5092.386127245136,1867.7315772962975,2049.1311300723405,weekly
2025-12-26,28327.69892033753,0.0,5.042721795689431e-13,28327.69892033753,1.4210854715202004e-13,5604.309794447366,2049.1311300723405,2657.020593962963,weekly
2025-12-27,27978.783600339586,0.0,6.817515441071009e-13,27978.783600339586,2.8421709430404007e-13,5589.569258022058,2657.020593962963,2404.5840890000004,weekly
2025-12-28,63448.57882338989,0.0,2.083481831505196e-12,63448.57882338989,5.684341886080801e-13,6746.130890989767,2404.5840890000004,2406.425639544444,weekly
2025-12-29,62506.536715081485,0.0,5.433662408904638e-13,62506.536715081485,1.1368683772161603e-13,5358.976372415531,2406.425639544444,1903.5291122945657,weekly
2025-12-30,62023.744090187596,0.0,86.88644413949781,62110.630534327094,14.873995401780178,5658.8121325106,1903.5291122945657,2001.3606280353063,weekly
2025-12-31,61523.41826225536,0.0,1.3405590114541621e-12,61523.41826225536,4.693627485372748e-13,2512.6458095137727,2001.3606280353063,1788.5659270866913,weekly
