question,label,total_cost_cny,normal_cost_cny,adjustment_cost_cny,emergency_cost_cny,emergency_energy_kwh,unused_supply_energy_kwh,net_mae_kw,peak_net_mae_kw,february_initial_energy_kwh,terminal_energy_kwh,runtime_seconds
2,factor_separate_weighted,18745190.39668503,16576945.91387748,0.0,2168244.482807553,366737.8453969227,7330897.130857475,865.795523187188,1006.9819252876746,10498.877885032849,3030.4223232314816,4.895379599998705
2,factor_net_weighted_65,20422478.26409479,14287858.885879112,0.0,6134619.378215676,1052580.8040970708,4827399.453490393,865.795523187188,1006.9819252876746,9450.509589900566,1941.578134246296,5.055865200003609
2,factor_net_adaptive_65,14242660.416005867,12752424.773533214,0.0,1490235.6424726539,259155.6946175823,1956760.063723103,274.5815199549938,270.03997295719716,2705.8233814026057,1347.4967297037037,7.593913599994266
2,factor_scenario5,14084759.69113373,13552257.63302392,0.0,532502.0581098103,93712.21744733241,2971082.880161712,274.5815199549938,270.03997295719716,3156.1492838111103,1788.5659270866913,11.743494100010139
2,factor_scenario5_cvar,14653020.590763198,14279054.397637231,0.0,373966.19312596787,66409.27057946582,3865826.469121139,274.5815199549938,270.03997295719716,6640.25943891111,2121.813809123729,11.619570999988355
2,factor_reserve05,14242660.41600587,12752424.773533214,0.0,1490235.6424726567,259155.69461758298,1956760.0637230987,274.5815199549938,270.03997295719716,2705.8233814026057,1347.4967297037037,5.292111900009331
2,factor_reserve20,14242660.416005872,12752424.773533214,0.0,1490235.64247266,259155.6946175836,1956760.0637230987,274.5815199549938,270.03997295719716,2705.8233814026057,1347.4967297037037,5.101996899989899
3,factor_separate_weighted,17224230.554533113,15151200.712357817,1275580.758104583,797449.0840707126,150901.15394591147,5030271.0506458925,644.097177262847,702.5957296557008,8691.957520870485,2774.3898703777136,22.126620800001547
3,factor_net_weighted_65,16954472.99222089,14027156.976894962,1123973.7487957797,1803342.26653015,346209.82272432186,3582105.307029603,644.097177262847,702.5957296557008,7815.554145576506,1786.8737998424062,21.66531959999702
3,factor_net_adaptive_65,13438763.546948055,12719255.841643091,489124.0527943116,230383.6525106534,47461.5771111557,1564313.6106865807,208.7091384968977,198.19145698613167,2327.776640152232,1383.4406664457363,21.429437500002678
3,factor_scenario5,13793617.031299172,13242685.864040758,478141.0005895626,72790.16666884994,15300.655763250019,2288521.752554792,208.7091384968977,198.19145698613167,3129.730168803354,1797.0459688176913,46.25258730001224
3,factor_scenario5_cvar,14227233.624264311,13490504.019090123,685708.8278470272,51020.77732716084,9782.053250637315,2647623.7584665073,208.7091384968977,198.19145698613167,5188.691168562722,2018.729280768886,49.97578709998925
3,factor_reserve05,13438763.546948016,12719255.841643056,489124.0527942958,230383.65251066515,47461.57711115806,1564313.6106865501,208.7091384968977,198.19145698613167,2327.7766401522404,1383.4406664457363,23.272525499996846
3,factor_reserve20,13438763.546947824,12719255.84164294,489124.052794219,230383.65251066402,47461.577111157836,1564313.6106864319,208.7091384968977,198.19145698613167,2327.7766401522467,1383.4406664457363,22.72581319999881
3,hours_0_continuous,14466626.009870213,12896912.833329402,0.0,1569713.1765408115,268406.22330623865,2169699.5796896517,312.91595173061876,297.50693231844383,2705.8757147359406,1347.4967297037037,4.936234599997988
3,hours_0_fixed,14466806.963451222,12897093.786910411,0.0,1569713.1765408115,268406.22330623865,2169699.5796896517,312.91595173061876,297.50693231844383,2327.776640152232,1347.4967297037037,4.965768599999137
3,hours_0_6_continuous,14035965.4294967,12805458.950108761,369316.7421517722,861189.7372361675,149362.0969195491,1872038.6313484332,242.56922027681992,228.59560193389004,2694.7008908410658,1347.4967297037037,11.262456099997507
3,hours_0_6_fixed,14036141.041511888,12805634.562123949,369316.7421517722,861189.7372361675,149362.0969195491,1872038.6313484332,242.56922027681992,228.59560193389004,2327.776640152232,1347.4967297037037,11.191764699993655
3,hours_0_12_continuous,13828953.782738421,12701240.70662688,288816.5341881816,838896.5419233588,158337.6632193489,1689938.650242502,248.91625906070684,254.58636404703833,2404.935087673463,1347.496729703704,10.838010800012853
3,hours_0_12_fixed,13828990.741634782,12701277.665523242,288816.5341881816,838896.5419233588,158337.6632193489,1689938.650242502,248.91625906070684,254.58636404703833,2327.776640152232,1347.496729703704,10.265989400009857
3,hours_0_18_continuous,13768954.000284223,13106063.431085896,176808.25885322908,486082.31034509867,98981.12600355438,2162179.4169256706,307.3108175975477,285.3208970756961,2327.776640152232,1371.7737564320612,10.00001550000161
3,hours_0_18_fixed,13768954.000284223,13106063.431085896,176808.25885322908,486082.31034509867,98981.12600355438,2162179.4169256706,307.3108175975477,285.3208970756961,2327.776640152232,1371.7737564320612,9.964662700003828
3,hours_0_6_12_continuous,13658030.428416578,12662857.461817162,402835.81777610816,592337.1488233088,108612.37396480472,1571742.241814492,213.15865464922183,207.80133451194175,2404.9350876733884,1347.496729703704,16.617819200007943
3,hours_0_6_12_fixed,13658067.387312941,12662894.420713523,402835.81777610816,592337.1488233088,108612.37396480472,1571742.241814492,213.15865464922183,207.80133451194175,2327.776640152232,1347.496729703704,16.186065100002452
3,hours_0_6_18_continuous,13640980.083261685,12917983.484908381,494378.88207496976,228617.7162783336,47675.97896248595,1863834.8979388159,237.45834540710615,217.47033277346964,2327.776640152232,1371.7737564320612,15.299508199997945
3,hours_0_6_18_fixed,13640980.083261685,12917983.484908381,494378.88207496976,228617.7162783336,47675.97896248595,1863834.8979388159,237.45834540710615,217.47033277346964,2327.776640152232,1371.7737564320612,15.588345099997241
3,hours_0_12_18_continuous,13617074.089670902,12755534.324216245,374408.6247117789,487131.14074287866,98707.49772614392,1682594.5499247808,244.4667429083827,244.97648652122825,2327.776640152232,1383.4406664457363,15.086999799998011
3,hours_0_12_18_fixed,13617074.089670902,12755534.324216245,374408.6247117789,487131.14074287866,98707.49772614392,1682594.5499247808,244.4667429083827,244.97648652122825,2327.776640152232,1383.4406664457363,15.05396349998773
3,hours_0_6_12_18_continuous,13438763.546948055,12719255.841643091,489124.0527943116,230383.6525106534,47461.5771111557,1564313.6106865807,208.7091384968977,198.19145698613167,2327.776640152232,1383.4406664457363,20.54735810001148
3,hours_0_6_12_18_fixed,13438763.546948055,12719255.841643091,489124.0527943116,230383.6525106534,47461.5771111557,1564313.6106865807,208.7091384968977,198.19145698613167,2327.776640152232,1383.4406664457363,20.598362399992766
3,neither,13701843.5379732,13007072.831824085,200384.05920862136,494386.64694049506,102605.19184749595,1950780.1119046023,312.91595173061876,297.50693231844383,2327.776640152232,1347.4967297037037,20.737395299991476
3,pv_only,13552109.359065203,12720972.71479291,398351.1193928831,432785.524879411,90133.94202773448,1590886.4399470612,218.8109360779655,216.13207437192224,2327.776640152232,1347.4967297037037,20.451817799999844
3,load_only,13631611.973419227,13008288.464084439,330429.9130138882,292893.59632089967,60222.48046435293,1930575.849072254,302.9109786018644,280.91875700563185,2327.776640152232,1383.4406664457363,20.870234899994102
3,both,13438763.546948055,12719255.841643091,489124.0527943116,230383.6525106534,47461.5771111557,1564313.6106865807,208.7091384968977,198.19145698613167,2327.776640152232,1383.4406664457363,20.638243299996248
3,trigger,13793617.031301228,13242685.864040628,478141.00059174997,72790.16666884994,15300.655763250019,2288521.752554792,208.7091384968977,198.19145698613167,3129.730168803354,1797.0459688176913,82.91808019999007
